"selfingrate"	"delta"	"cost"	"mu"	"sigma"	"gen"	"popsize"	"nsampled"	"seed"	"generation"	"param"	"means"
"0.0"	"0.2"	"0.01"	"0.005"	"0.01"	"100000"	"10000"	"200"	"4081274497320169913"	10	"slope"	5.251205e-06
"0.0"	"0.2"	"0.01"	"0.005"	"0.01"	"100000"	"10000"	"200"	"4081274497320169913"	10	"intercept"	0.49985603
"0.0"	"0.2"	"0.01"	"0.005"	"0.01"	"100000"	"10000"	"200"	"4081274497320169913"	5000	"slope"	0.0125942826525
"0.0"	"0.2"	"0.01"	"0.005"	"0.01"	"100000"	"10000"	"200"	"4081274497320169913"	5000	"intercept"	0.48943205
"0.0"	"0.2"	"0.01"	"0.005"	"0.01"	"100000"	"10000"	"200"	"4081274497320169913"	10000	"slope"	0.0014529931895
"0.0"	"0.2"	"0.01"	"0.005"	"0.01"	"100000"	"10000"	"200"	"4081274497320169913"	10000	"intercept"	0.50523425
"0.0"	"0.2"	"0.01"	"0.005"	"0.01"	"100000"	"10000"	"200"	"4081274497320169913"	15000	"slope"	0.01338808781
"0.0"	"0.2"	"0.01"	"0.005"	"0.01"	"100000"	"10000"	"200"	"4081274497320169913"	15000	"intercept"	0.4892886
"0.0"	"0.2"	"0.01"	"0.005"	"0.01"	"100000"	"10000"	"200"	"4081274497320169913"	20000	"slope"	0.023508128086
"0.0"	"0.2"	"0.01"	"0.005"	"0.01"	"100000"	"10000"	"200"	"4081274497320169913"	20000	"intercept"	0.487027065
"0.0"	"0.2"	"0.01"	"0.005"	"0.01"	"100000"	"10000"	"200"	"4081274497320169913"	25000	"slope"	0.06636819927
"0.0"	"0.2"	"0.01"	"0.005"	"0.01"	"100000"	"10000"	"200"	"4081274497320169913"	25000	"intercept"	0.454501385
"0.0"	"0.2"	"0.01"	"0.005"	"0.01"	"100000"	"10000"	"200"	"4081274497320169913"	30000	"slope"	0.1388405565
"0.0"	"0.2"	"0.01"	"0.005"	"0.01"	"100000"	"10000"	"200"	"4081274497320169913"	30000	"intercept"	0.40204529
"0.0"	"0.2"	"0.01"	"0.005"	"0.01"	"100000"	"10000"	"200"	"4081274497320169913"	35000	"slope"	0.1033853225
"0.0"	"0.2"	"0.01"	"0.005"	"0.01"	"100000"	"10000"	"200"	"4081274497320169913"	35000	"intercept"	0.428757165
"0.0"	"0.2"	"0.01"	"0.005"	"0.01"	"100000"	"10000"	"200"	"4081274497320169913"	40000	"slope"	0.114397986
"0.0"	"0.2"	"0.01"	"0.005"	"0.01"	"100000"	"10000"	"200"	"4081274497320169913"	40000	"intercept"	0.426461965
"0.0"	"0.2"	"0.01"	"0.005"	"0.01"	"100000"	"10000"	"200"	"4081274497320169913"	45000	"slope"	0.10906617275
"0.0"	"0.2"	"0.01"	"0.005"	"0.01"	"100000"	"10000"	"200"	"4081274497320169913"	45000	"intercept"	0.424800875
"0.0"	"0.2"	"0.01"	"0.005"	"0.01"	"100000"	"10000"	"200"	"4081274497320169913"	50000	"slope"	0.05766171485
"0.0"	"0.2"	"0.01"	"0.005"	"0.01"	"100000"	"10000"	"200"	"4081274497320169913"	50000	"intercept"	0.45456224
"0.0"	"0.2"	"0.01"	"0.005"	"0.01"	"100000"	"10000"	"200"	"4081274497320169913"	55000	"slope"	0.05115162984
"0.0"	"0.2"	"0.01"	"0.005"	"0.01"	"100000"	"10000"	"200"	"4081274497320169913"	55000	"intercept"	0.458243235
"0.0"	"0.2"	"0.01"	"0.005"	"0.01"	"100000"	"10000"	"200"	"4081274497320169913"	60000	"slope"	0.0152716477595
"0.0"	"0.2"	"0.01"	"0.005"	"0.01"	"100000"	"10000"	"200"	"4081274497320169913"	60000	"intercept"	0.47187439
"0.0"	"0.2"	"0.01"	"0.005"	"0.01"	"100000"	"10000"	"200"	"4081274497320169913"	65000	"slope"	0.01238710986
"0.0"	"0.2"	"0.01"	"0.005"	"0.01"	"100000"	"10000"	"200"	"4081274497320169913"	65000	"intercept"	0.48870598
"0.0"	"0.2"	"0.01"	"0.005"	"0.01"	"100000"	"10000"	"200"	"4081274497320169913"	70000	"slope"	0.005571893
"0.0"	"0.2"	"0.01"	"0.005"	"0.01"	"100000"	"10000"	"200"	"4081274497320169913"	70000	"intercept"	0.51417876
"0.0"	"0.2"	"0.01"	"0.005"	"0.01"	"100000"	"10000"	"200"	"4081274497320169913"	75000	"slope"	-0.017974543635
"0.0"	"0.2"	"0.01"	"0.005"	"0.01"	"100000"	"10000"	"200"	"4081274497320169913"	75000	"intercept"	0.50816464
"0.0"	"0.2"	"0.01"	"0.005"	"0.01"	"100000"	"10000"	"200"	"4081274497320169913"	80000	"slope"	0.00390653007
"0.0"	"0.2"	"0.01"	"0.005"	"0.01"	"100000"	"10000"	"200"	"4081274497320169913"	80000	"intercept"	0.51611327
"0.0"	"0.2"	"0.01"	"0.005"	"0.01"	"100000"	"10000"	"200"	"4081274497320169913"	85000	"slope"	-0.03341009497115
"0.0"	"0.2"	"0.01"	"0.005"	"0.01"	"100000"	"10000"	"200"	"4081274497320169913"	85000	"intercept"	0.516177045
"0.0"	"0.2"	"0.01"	"0.005"	"0.01"	"100000"	"10000"	"200"	"4081274497320169913"	90000	"slope"	-0.0205773149
"0.0"	"0.2"	"0.01"	"0.005"	"0.01"	"100000"	"10000"	"200"	"4081274497320169913"	90000	"intercept"	0.508839295
"0.0"	"0.2"	"0.01"	"0.005"	"0.01"	"100000"	"10000"	"200"	"4081274497320169913"	95000	"slope"	-0.06571993801
"0.0"	"0.2"	"0.01"	"0.005"	"0.01"	"100000"	"10000"	"200"	"4081274497320169913"	95000	"intercept"	0.52269959
"0.0"	"0.2"	"0.01"	"0.005"	"0.01"	"100000"	"10000"	"200"	"4081274497320169913"	100000	"slope"	-0.05929225151
"0.0"	"0.2"	"0.01"	"0.005"	"0.01"	"100000"	"10000"	"200"	"4081274497320169913"	100000	"intercept"	0.542785285
"0.0"	"0.2"	"0.01"	"0.005"	"0.01"	"100000"	"10000"	"200"	"4740476390062057350"	10	"slope"	0.0001158465995
"0.0"	"0.2"	"0.01"	"0.005"	"0.01"	"100000"	"10000"	"200"	"4740476390062057350"	10	"intercept"	0.499943595
"0.0"	"0.2"	"0.01"	"0.005"	"0.01"	"100000"	"10000"	"200"	"4740476390062057350"	5000	"slope"	-0.00133064033
"0.0"	"0.2"	"0.01"	"0.005"	"0.01"	"100000"	"10000"	"200"	"4740476390062057350"	5000	"intercept"	0.50691752
"0.0"	"0.2"	"0.01"	"0.005"	"0.01"	"100000"	"10000"	"200"	"4740476390062057350"	10000	"slope"	-0.014037760597
"0.0"	"0.2"	"0.01"	"0.005"	"0.01"	"100000"	"10000"	"200"	"4740476390062057350"	10000	"intercept"	0.498684575
"0.0"	"0.2"	"0.01"	"0.005"	"0.01"	"100000"	"10000"	"200"	"4740476390062057350"	15000	"slope"	0.013260005775
"0.0"	"0.2"	"0.01"	"0.005"	"0.01"	"100000"	"10000"	"200"	"4740476390062057350"	15000	"intercept"	0.49686051
"0.0"	"0.2"	"0.01"	"0.005"	"0.01"	"100000"	"10000"	"200"	"4740476390062057350"	20000	"slope"	0.00166040443
"0.0"	"0.2"	"0.01"	"0.005"	"0.01"	"100000"	"10000"	"200"	"4740476390062057350"	20000	"intercept"	0.49865692
"0.0"	"0.2"	"0.01"	"0.005"	"0.01"	"100000"	"10000"	"200"	"4740476390062057350"	25000	"slope"	-0.026336775315
"0.0"	"0.2"	"0.01"	"0.005"	"0.01"	"100000"	"10000"	"200"	"4740476390062057350"	25000	"intercept"	0.50837766
"0.0"	"0.2"	"0.01"	"0.005"	"0.01"	"100000"	"10000"	"200"	"4740476390062057350"	30000	"slope"	-0.025712003665
"0.0"	"0.2"	"0.01"	"0.005"	"0.01"	"100000"	"10000"	"200"	"4740476390062057350"	30000	"intercept"	0.51389132
"0.0"	"0.2"	"0.01"	"0.005"	"0.01"	"100000"	"10000"	"200"	"4740476390062057350"	35000	"slope"	-0.01052305774
"0.0"	"0.2"	"0.01"	"0.005"	"0.01"	"100000"	"10000"	"200"	"4740476390062057350"	35000	"intercept"	0.51261141
"0.0"	"0.2"	"0.01"	"0.005"	"0.01"	"100000"	"10000"	"200"	"4740476390062057350"	40000	"slope"	0.046100207635
"0.0"	"0.2"	"0.01"	"0.005"	"0.01"	"100000"	"10000"	"200"	"4740476390062057350"	40000	"intercept"	0.479652135
"0.0"	"0.2"	"0.01"	"0.005"	"0.01"	"100000"	"10000"	"200"	"4740476390062057350"	45000	"slope"	0.0191896184971
"0.0"	"0.2"	"0.01"	"0.005"	"0.01"	"100000"	"10000"	"200"	"4740476390062057350"	45000	"intercept"	0.48845919
"0.0"	"0.2"	"0.01"	"0.005"	"0.01"	"100000"	"10000"	"200"	"4740476390062057350"	50000	"slope"	0.0400100451993
"0.0"	"0.2"	"0.01"	"0.005"	"0.01"	"100000"	"10000"	"200"	"4740476390062057350"	50000	"intercept"	0.461138535
"0.0"	"0.2"	"0.01"	"0.005"	"0.01"	"100000"	"10000"	"200"	"4740476390062057350"	55000	"slope"	-2.02033000000001e-05
"0.0"	"0.2"	"0.01"	"0.005"	"0.01"	"100000"	"10000"	"200"	"4740476390062057350"	55000	"intercept"	0.503803345
"0.0"	"0.2"	"0.01"	"0.005"	"0.01"	"100000"	"10000"	"200"	"4740476390062057350"	60000	"slope"	-0.048481350886
"0.0"	"0.2"	"0.01"	"0.005"	"0.01"	"100000"	"10000"	"200"	"4740476390062057350"	60000	"intercept"	0.526921505
"0.0"	"0.2"	"0.01"	"0.005"	"0.01"	"100000"	"10000"	"200"	"4740476390062057350"	65000	"slope"	-0.04386016384
"0.0"	"0.2"	"0.01"	"0.005"	"0.01"	"100000"	"10000"	"200"	"4740476390062057350"	65000	"intercept"	0.52878335
"0.0"	"0.2"	"0.01"	"0.005"	"0.01"	"100000"	"10000"	"200"	"4740476390062057350"	70000	"slope"	-0.05336423357
"0.0"	"0.2"	"0.01"	"0.005"	"0.01"	"100000"	"10000"	"200"	"4740476390062057350"	70000	"intercept"	0.53968289
"0.0"	"0.2"	"0.01"	"0.005"	"0.01"	"100000"	"10000"	"200"	"4740476390062057350"	75000	"slope"	-0.00372469445
"0.0"	"0.2"	"0.01"	"0.005"	"0.01"	"100000"	"10000"	"200"	"4740476390062057350"	75000	"intercept"	0.49566965
"0.0"	"0.2"	"0.01"	"0.005"	"0.01"	"100000"	"10000"	"200"	"4740476390062057350"	80000	"slope"	-0.0506251577
"0.0"	"0.2"	"0.01"	"0.005"	"0.01"	"100000"	"10000"	"200"	"4740476390062057350"	80000	"intercept"	0.530448275
"0.0"	"0.2"	"0.01"	"0.005"	"0.01"	"100000"	"10000"	"200"	"4740476390062057350"	85000	"slope"	-0.08245690587
"0.0"	"0.2"	"0.01"	"0.005"	"0.01"	"100000"	"10000"	"200"	"4740476390062057350"	85000	"intercept"	0.553126285
"0.0"	"0.2"	"0.01"	"0.005"	"0.01"	"100000"	"10000"	"200"	"4740476390062057350"	90000	"slope"	-0.033502754048
"0.0"	"0.2"	"0.01"	"0.005"	"0.01"	"100000"	"10000"	"200"	"4740476390062057350"	90000	"intercept"	0.535604015
"0.0"	"0.2"	"0.01"	"0.005"	"0.01"	"100000"	"10000"	"200"	"4740476390062057350"	95000	"slope"	-0.04933586572
"0.0"	"0.2"	"0.01"	"0.005"	"0.01"	"100000"	"10000"	"200"	"4740476390062057350"	95000	"intercept"	0.54308448
"0.0"	"0.2"	"0.01"	"0.005"	"0.01"	"100000"	"10000"	"200"	"4740476390062057350"	100000	"slope"	-0.00050986417
"0.0"	"0.2"	"0.01"	"0.005"	"0.01"	"100000"	"10000"	"200"	"4740476390062057350"	100000	"intercept"	0.49144405
"0.0"	"0.2"	"0.01"	"0.005"	"0.01"	"100000"	"10000"	"200"	"6180892646882747572"	10	"slope"	1.15927485e-05
"0.0"	"0.2"	"0.01"	"0.005"	"0.01"	"100000"	"10000"	"200"	"6180892646882747572"	10	"intercept"	0.49992475
"0.0"	"0.2"	"0.01"	"0.005"	"0.01"	"100000"	"10000"	"200"	"6180892646882747572"	5000	"slope"	-0.005208820995
"0.0"	"0.2"	"0.01"	"0.005"	"0.01"	"100000"	"10000"	"200"	"6180892646882747572"	5000	"intercept"	0.505794005
"0.0"	"0.2"	"0.01"	"0.005"	"0.01"	"100000"	"10000"	"200"	"6180892646882747572"	10000	"slope"	0.0427062498
"0.0"	"0.2"	"0.01"	"0.005"	"0.01"	"100000"	"10000"	"200"	"6180892646882747572"	10000	"intercept"	0.477584795
"0.0"	"0.2"	"0.01"	"0.005"	"0.01"	"100000"	"10000"	"200"	"6180892646882747572"	15000	"slope"	0.0202280116
"0.0"	"0.2"	"0.01"	"0.005"	"0.01"	"100000"	"10000"	"200"	"6180892646882747572"	15000	"intercept"	0.48231629
"0.0"	"0.2"	"0.01"	"0.005"	"0.01"	"100000"	"10000"	"200"	"6180892646882747572"	20000	"slope"	-0.026401448957
"0.0"	"0.2"	"0.01"	"0.005"	"0.01"	"100000"	"10000"	"200"	"6180892646882747572"	20000	"intercept"	0.520937865
"0.0"	"0.2"	"0.01"	"0.005"	"0.01"	"100000"	"10000"	"200"	"6180892646882747572"	25000	"slope"	-0.0245514290135
"0.0"	"0.2"	"0.01"	"0.005"	"0.01"	"100000"	"10000"	"200"	"6180892646882747572"	25000	"intercept"	0.51200509
"0.0"	"0.2"	"0.01"	"0.005"	"0.01"	"100000"	"10000"	"200"	"6180892646882747572"	30000	"slope"	0.03718265294
"0.0"	"0.2"	"0.01"	"0.005"	"0.01"	"100000"	"10000"	"200"	"6180892646882747572"	30000	"intercept"	0.472070415
"0.0"	"0.2"	"0.01"	"0.005"	"0.01"	"100000"	"10000"	"200"	"6180892646882747572"	35000	"slope"	0.058937314125
"0.0"	"0.2"	"0.01"	"0.005"	"0.01"	"100000"	"10000"	"200"	"6180892646882747572"	35000	"intercept"	0.463359475
"0.0"	"0.2"	"0.01"	"0.005"	"0.01"	"100000"	"10000"	"200"	"6180892646882747572"	40000	"slope"	-0.022354112985
"0.0"	"0.2"	"0.01"	"0.005"	"0.01"	"100000"	"10000"	"200"	"6180892646882747572"	40000	"intercept"	0.51344725
"0.0"	"0.2"	"0.01"	"0.005"	"0.01"	"100000"	"10000"	"200"	"6180892646882747572"	45000	"slope"	-0.02542147571575
"0.0"	"0.2"	"0.01"	"0.005"	"0.01"	"100000"	"10000"	"200"	"6180892646882747572"	45000	"intercept"	0.512273135
"0.0"	"0.2"	"0.01"	"0.005"	"0.01"	"100000"	"10000"	"200"	"6180892646882747572"	50000	"slope"	-0.006708712905
"0.0"	"0.2"	"0.01"	"0.005"	"0.01"	"100000"	"10000"	"200"	"6180892646882747572"	50000	"intercept"	0.498512765
"0.0"	"0.2"	"0.01"	"0.005"	"0.01"	"100000"	"10000"	"200"	"6180892646882747572"	55000	"slope"	-0.0209297487495
"0.0"	"0.2"	"0.01"	"0.005"	"0.01"	"100000"	"10000"	"200"	"6180892646882747572"	55000	"intercept"	0.52307952
"0.0"	"0.2"	"0.01"	"0.005"	"0.01"	"100000"	"10000"	"200"	"6180892646882747572"	60000	"slope"	-0.0661944605
"0.0"	"0.2"	"0.01"	"0.005"	"0.01"	"100000"	"10000"	"200"	"6180892646882747572"	60000	"intercept"	0.541311995
"0.0"	"0.2"	"0.01"	"0.005"	"0.01"	"100000"	"10000"	"200"	"6180892646882747572"	65000	"slope"	-0.03520367925
"0.0"	"0.2"	"0.01"	"0.005"	"0.01"	"100000"	"10000"	"200"	"6180892646882747572"	65000	"intercept"	0.525529675
"0.0"	"0.2"	"0.01"	"0.005"	"0.01"	"100000"	"10000"	"200"	"6180892646882747572"	70000	"slope"	0.0114927367
"0.0"	"0.2"	"0.01"	"0.005"	"0.01"	"100000"	"10000"	"200"	"6180892646882747572"	70000	"intercept"	0.487949325
"0.0"	"0.2"	"0.01"	"0.005"	"0.01"	"100000"	"10000"	"200"	"6180892646882747572"	75000	"slope"	-0.00473768825
"0.0"	"0.2"	"0.01"	"0.005"	"0.01"	"100000"	"10000"	"200"	"6180892646882747572"	75000	"intercept"	0.5089779
"0.0"	"0.2"	"0.01"	"0.005"	"0.01"	"100000"	"10000"	"200"	"6180892646882747572"	80000	"slope"	0.02664214125
"0.0"	"0.2"	"0.01"	"0.005"	"0.01"	"100000"	"10000"	"200"	"6180892646882747572"	80000	"intercept"	0.48285816
"0.0"	"0.2"	"0.01"	"0.005"	"0.01"	"100000"	"10000"	"200"	"6180892646882747572"	85000	"slope"	0.015478968185
"0.0"	"0.2"	"0.01"	"0.005"	"0.01"	"100000"	"10000"	"200"	"6180892646882747572"	85000	"intercept"	0.483472135
"0.0"	"0.2"	"0.01"	"0.005"	"0.01"	"100000"	"10000"	"200"	"6180892646882747572"	90000	"slope"	0.0206920783
"0.0"	"0.2"	"0.01"	"0.005"	"0.01"	"100000"	"10000"	"200"	"6180892646882747572"	90000	"intercept"	0.493899765
"0.0"	"0.2"	"0.01"	"0.005"	"0.01"	"100000"	"10000"	"200"	"6180892646882747572"	95000	"slope"	0.04253277775
"0.0"	"0.2"	"0.01"	"0.005"	"0.01"	"100000"	"10000"	"200"	"6180892646882747572"	95000	"intercept"	0.45875066
"0.0"	"0.2"	"0.01"	"0.005"	"0.01"	"100000"	"10000"	"200"	"6180892646882747572"	100000	"slope"	0.046503077624
"0.0"	"0.2"	"0.01"	"0.005"	"0.01"	"100000"	"10000"	"200"	"6180892646882747572"	100000	"intercept"	0.46000682
"0.0"	"0.2"	"0.01"	"0.005"	"0.01"	"100000"	"10000"	"200"	"6480419643342956691"	10	"slope"	1.25447500000001e-06
"0.0"	"0.2"	"0.01"	"0.005"	"0.01"	"100000"	"10000"	"200"	"6480419643342956691"	10	"intercept"	0.500246075
"0.0"	"0.2"	"0.01"	"0.005"	"0.01"	"100000"	"10000"	"200"	"6480419643342956691"	5000	"slope"	-0.001040578695
"0.0"	"0.2"	"0.01"	"0.005"	"0.01"	"100000"	"10000"	"200"	"6480419643342956691"	5000	"intercept"	0.505741165
"0.0"	"0.2"	"0.01"	"0.005"	"0.01"	"100000"	"10000"	"200"	"6480419643342956691"	10000	"slope"	-0.018116558275
"0.0"	"0.2"	"0.01"	"0.005"	"0.01"	"100000"	"10000"	"200"	"6480419643342956691"	10000	"intercept"	0.51419105
"0.0"	"0.2"	"0.01"	"0.005"	"0.01"	"100000"	"10000"	"200"	"6480419643342956691"	15000	"slope"	-0.019785699934
"0.0"	"0.2"	"0.01"	"0.005"	"0.01"	"100000"	"10000"	"200"	"6480419643342956691"	15000	"intercept"	0.513849865
"0.0"	"0.2"	"0.01"	"0.005"	"0.01"	"100000"	"10000"	"200"	"6480419643342956691"	20000	"slope"	0.00347246322
"0.0"	"0.2"	"0.01"	"0.005"	"0.01"	"100000"	"10000"	"200"	"6480419643342956691"	20000	"intercept"	0.503484015
"0.0"	"0.2"	"0.01"	"0.005"	"0.01"	"100000"	"10000"	"200"	"6480419643342956691"	25000	"slope"	0.03411413614
"0.0"	"0.2"	"0.01"	"0.005"	"0.01"	"100000"	"10000"	"200"	"6480419643342956691"	25000	"intercept"	0.479268025
"0.0"	"0.2"	"0.01"	"0.005"	"0.01"	"100000"	"10000"	"200"	"6480419643342956691"	30000	"slope"	-0.05348213528
"0.0"	"0.2"	"0.01"	"0.005"	"0.01"	"100000"	"10000"	"200"	"6480419643342956691"	30000	"intercept"	0.525818315
"0.0"	"0.2"	"0.01"	"0.005"	"0.01"	"100000"	"10000"	"200"	"6480419643342956691"	35000	"slope"	-0.008451920505
"0.0"	"0.2"	"0.01"	"0.005"	"0.01"	"100000"	"10000"	"200"	"6480419643342956691"	35000	"intercept"	0.510791595
"0.0"	"0.2"	"0.01"	"0.005"	"0.01"	"100000"	"10000"	"200"	"6480419643342956691"	40000	"slope"	0.0219109343
"0.0"	"0.2"	"0.01"	"0.005"	"0.01"	"100000"	"10000"	"200"	"6480419643342956691"	40000	"intercept"	0.491632975
"0.0"	"0.2"	"0.01"	"0.005"	"0.01"	"100000"	"10000"	"200"	"6480419643342956691"	45000	"slope"	0.015788314925
"0.0"	"0.2"	"0.01"	"0.005"	"0.01"	"100000"	"10000"	"200"	"6480419643342956691"	45000	"intercept"	0.48339294
"0.0"	"0.2"	"0.01"	"0.005"	"0.01"	"100000"	"10000"	"200"	"6480419643342956691"	50000	"slope"	0.0273088328
"0.0"	"0.2"	"0.01"	"0.005"	"0.01"	"100000"	"10000"	"200"	"6480419643342956691"	50000	"intercept"	0.468103105
"0.0"	"0.2"	"0.01"	"0.005"	"0.01"	"100000"	"10000"	"200"	"6480419643342956691"	55000	"slope"	0.0343579802
"0.0"	"0.2"	"0.01"	"0.005"	"0.01"	"100000"	"10000"	"200"	"6480419643342956691"	55000	"intercept"	0.46720418
"0.0"	"0.2"	"0.01"	"0.005"	"0.01"	"100000"	"10000"	"200"	"6480419643342956691"	60000	"slope"	0.0568299844
"0.0"	"0.2"	"0.01"	"0.005"	"0.01"	"100000"	"10000"	"200"	"6480419643342956691"	60000	"intercept"	0.466814165
"0.0"	"0.2"	"0.01"	"0.005"	"0.01"	"100000"	"10000"	"200"	"6480419643342956691"	65000	"slope"	0.059926410775
"0.0"	"0.2"	"0.01"	"0.005"	"0.01"	"100000"	"10000"	"200"	"6480419643342956691"	65000	"intercept"	0.466412375
"0.0"	"0.2"	"0.01"	"0.005"	"0.01"	"100000"	"10000"	"200"	"6480419643342956691"	70000	"slope"	0.060550201785
"0.0"	"0.2"	"0.01"	"0.005"	"0.01"	"100000"	"10000"	"200"	"6480419643342956691"	70000	"intercept"	0.47120906
"0.0"	"0.2"	"0.01"	"0.005"	"0.01"	"100000"	"10000"	"200"	"6480419643342956691"	75000	"slope"	0.03798996354
"0.0"	"0.2"	"0.01"	"0.005"	"0.01"	"100000"	"10000"	"200"	"6480419643342956691"	75000	"intercept"	0.469347
"0.0"	"0.2"	"0.01"	"0.005"	"0.01"	"100000"	"10000"	"200"	"6480419643342956691"	80000	"slope"	0.043630286135
"0.0"	"0.2"	"0.01"	"0.005"	"0.01"	"100000"	"10000"	"200"	"6480419643342956691"	80000	"intercept"	0.46513157
"0.0"	"0.2"	"0.01"	"0.005"	"0.01"	"100000"	"10000"	"200"	"6480419643342956691"	85000	"slope"	0.0518372145845
"0.0"	"0.2"	"0.01"	"0.005"	"0.01"	"100000"	"10000"	"200"	"6480419643342956691"	85000	"intercept"	0.46945854
"0.0"	"0.2"	"0.01"	"0.005"	"0.01"	"100000"	"10000"	"200"	"6480419643342956691"	90000	"slope"	0.052159610505
"0.0"	"0.2"	"0.01"	"0.005"	"0.01"	"100000"	"10000"	"200"	"6480419643342956691"	90000	"intercept"	0.45219251
"0.0"	"0.2"	"0.01"	"0.005"	"0.01"	"100000"	"10000"	"200"	"6480419643342956691"	95000	"slope"	0.060635078555
"0.0"	"0.2"	"0.01"	"0.005"	"0.01"	"100000"	"10000"	"200"	"6480419643342956691"	95000	"intercept"	0.45525026
"0.0"	"0.2"	"0.01"	"0.005"	"0.01"	"100000"	"10000"	"200"	"6480419643342956691"	100000	"slope"	0.06864314356
"0.0"	"0.2"	"0.01"	"0.005"	"0.01"	"100000"	"10000"	"200"	"6480419643342956691"	100000	"intercept"	0.4617783
"0.0"	"0.2"	"0.01"	"0.005"	"0.01"	"100000"	"10000"	"200"	"8234220008688572604"	10	"slope"	4.5103045e-05
"0.0"	"0.2"	"0.01"	"0.005"	"0.01"	"100000"	"10000"	"200"	"8234220008688572604"	10	"intercept"	0.499998375
"0.0"	"0.2"	"0.01"	"0.005"	"0.01"	"100000"	"10000"	"200"	"8234220008688572604"	5000	"slope"	0.00838526649
"0.0"	"0.2"	"0.01"	"0.005"	"0.01"	"100000"	"10000"	"200"	"8234220008688572604"	5000	"intercept"	0.495453055
"0.0"	"0.2"	"0.01"	"0.005"	"0.01"	"100000"	"10000"	"200"	"8234220008688572604"	10000	"slope"	-0.0133172036175
"0.0"	"0.2"	"0.01"	"0.005"	"0.01"	"100000"	"10000"	"200"	"8234220008688572604"	10000	"intercept"	0.51601852
"0.0"	"0.2"	"0.01"	"0.005"	"0.01"	"100000"	"10000"	"200"	"8234220008688572604"	15000	"slope"	0.06802589345
"0.0"	"0.2"	"0.01"	"0.005"	"0.01"	"100000"	"10000"	"200"	"8234220008688572604"	15000	"intercept"	0.457508035
"0.0"	"0.2"	"0.01"	"0.005"	"0.01"	"100000"	"10000"	"200"	"8234220008688572604"	20000	"slope"	0.0881729339
"0.0"	"0.2"	"0.01"	"0.005"	"0.01"	"100000"	"10000"	"200"	"8234220008688572604"	20000	"intercept"	0.4463627
"0.0"	"0.2"	"0.01"	"0.005"	"0.01"	"100000"	"10000"	"200"	"8234220008688572604"	25000	"slope"	0.06395393574
"0.0"	"0.2"	"0.01"	"0.005"	"0.01"	"100000"	"10000"	"200"	"8234220008688572604"	25000	"intercept"	0.45485227
"0.0"	"0.2"	"0.01"	"0.005"	"0.01"	"100000"	"10000"	"200"	"8234220008688572604"	30000	"slope"	0.03937854775
"0.0"	"0.2"	"0.01"	"0.005"	"0.01"	"100000"	"10000"	"200"	"8234220008688572604"	30000	"intercept"	0.46270354
"0.0"	"0.2"	"0.01"	"0.005"	"0.01"	"100000"	"10000"	"200"	"8234220008688572604"	35000	"slope"	0.05395648975
"0.0"	"0.2"	"0.01"	"0.005"	"0.01"	"100000"	"10000"	"200"	"8234220008688572604"	35000	"intercept"	0.43002042
"0.0"	"0.2"	"0.01"	"0.005"	"0.01"	"100000"	"10000"	"200"	"8234220008688572604"	40000	"slope"	0.069464611725
"0.0"	"0.2"	"0.01"	"0.005"	"0.01"	"100000"	"10000"	"200"	"8234220008688572604"	40000	"intercept"	0.455711395
"0.0"	"0.2"	"0.01"	"0.005"	"0.01"	"100000"	"10000"	"200"	"8234220008688572604"	45000	"slope"	0.055699983105
"0.0"	"0.2"	"0.01"	"0.005"	"0.01"	"100000"	"10000"	"200"	"8234220008688572604"	45000	"intercept"	0.457900265
"0.0"	"0.2"	"0.01"	"0.005"	"0.01"	"100000"	"10000"	"200"	"8234220008688572604"	50000	"slope"	-0.03834761041
"0.0"	"0.2"	"0.01"	"0.005"	"0.01"	"100000"	"10000"	"200"	"8234220008688572604"	50000	"intercept"	0.528523695
"0.0"	"0.2"	"0.01"	"0.005"	"0.01"	"100000"	"10000"	"200"	"8234220008688572604"	55000	"slope"	0.032230573505
"0.0"	"0.2"	"0.01"	"0.005"	"0.01"	"100000"	"10000"	"200"	"8234220008688572604"	55000	"intercept"	0.471704235
"0.0"	"0.2"	"0.01"	"0.005"	"0.01"	"100000"	"10000"	"200"	"8234220008688572604"	60000	"slope"	0.020668850965
"0.0"	"0.2"	"0.01"	"0.005"	"0.01"	"100000"	"10000"	"200"	"8234220008688572604"	60000	"intercept"	0.5030784
"0.0"	"0.2"	"0.01"	"0.005"	"0.01"	"100000"	"10000"	"200"	"8234220008688572604"	65000	"slope"	-0.04263369248
"0.0"	"0.2"	"0.01"	"0.005"	"0.01"	"100000"	"10000"	"200"	"8234220008688572604"	65000	"intercept"	0.52923428
"0.0"	"0.2"	"0.01"	"0.005"	"0.01"	"100000"	"10000"	"200"	"8234220008688572604"	70000	"slope"	-0.020408779722
"0.0"	"0.2"	"0.01"	"0.005"	"0.01"	"100000"	"10000"	"200"	"8234220008688572604"	70000	"intercept"	0.51856873
"0.0"	"0.2"	"0.01"	"0.005"	"0.01"	"100000"	"10000"	"200"	"8234220008688572604"	75000	"slope"	-0.0519502593
"0.0"	"0.2"	"0.01"	"0.005"	"0.01"	"100000"	"10000"	"200"	"8234220008688572604"	75000	"intercept"	0.52618788
"0.0"	"0.2"	"0.01"	"0.005"	"0.01"	"100000"	"10000"	"200"	"8234220008688572604"	80000	"slope"	-0.0206271123795
"0.0"	"0.2"	"0.01"	"0.005"	"0.01"	"100000"	"10000"	"200"	"8234220008688572604"	80000	"intercept"	0.53210969
"0.0"	"0.2"	"0.01"	"0.005"	"0.01"	"100000"	"10000"	"200"	"8234220008688572604"	85000	"slope"	0.0255254933086
"0.0"	"0.2"	"0.01"	"0.005"	"0.01"	"100000"	"10000"	"200"	"8234220008688572604"	85000	"intercept"	0.47068603
"0.0"	"0.2"	"0.01"	"0.005"	"0.01"	"100000"	"10000"	"200"	"8234220008688572604"	90000	"slope"	0.04372294045
"0.0"	"0.2"	"0.01"	"0.005"	"0.01"	"100000"	"10000"	"200"	"8234220008688572604"	90000	"intercept"	0.452446575
"0.0"	"0.2"	"0.01"	"0.005"	"0.01"	"100000"	"10000"	"200"	"8234220008688572604"	95000	"slope"	0.0906515408
"0.0"	"0.2"	"0.01"	"0.005"	"0.01"	"100000"	"10000"	"200"	"8234220008688572604"	95000	"intercept"	0.422326955
"0.0"	"0.2"	"0.01"	"0.005"	"0.01"	"100000"	"10000"	"200"	"8234220008688572604"	100000	"slope"	0.102515297585
"0.0"	"0.2"	"0.01"	"0.005"	"0.01"	"100000"	"10000"	"200"	"8234220008688572604"	100000	"intercept"	0.414733715
"0.3"	"0.2"	"0.01"	"0.005"	"0.01"	"100000"	"10000"	"200"	"1247006229608704646"	10	"slope"	-3.607325e-05
"0.3"	"0.2"	"0.01"	"0.005"	"0.01"	"100000"	"10000"	"200"	"1247006229608704646"	10	"intercept"	0.500001985
"0.3"	"0.2"	"0.01"	"0.005"	"0.01"	"100000"	"10000"	"200"	"1247006229608704646"	5000	"slope"	0.03940147429
"0.3"	"0.2"	"0.01"	"0.005"	"0.01"	"100000"	"10000"	"200"	"1247006229608704646"	5000	"intercept"	0.596453225
"0.3"	"0.2"	"0.01"	"0.005"	"0.01"	"100000"	"10000"	"200"	"1247006229608704646"	10000	"slope"	0.105206489675
"0.3"	"0.2"	"0.01"	"0.005"	"0.01"	"100000"	"10000"	"200"	"1247006229608704646"	10000	"intercept"	0.559167305
"0.3"	"0.2"	"0.01"	"0.005"	"0.01"	"100000"	"10000"	"200"	"1247006229608704646"	15000	"slope"	0.0718455508
"0.3"	"0.2"	"0.01"	"0.005"	"0.01"	"100000"	"10000"	"200"	"1247006229608704646"	15000	"intercept"	0.58369394
"0.3"	"0.2"	"0.01"	"0.005"	"0.01"	"100000"	"10000"	"200"	"1247006229608704646"	20000	"slope"	0.028030814778
"0.3"	"0.2"	"0.01"	"0.005"	"0.01"	"100000"	"10000"	"200"	"1247006229608704646"	20000	"intercept"	0.60854676
"0.3"	"0.2"	"0.01"	"0.005"	"0.01"	"100000"	"10000"	"200"	"1247006229608704646"	25000	"slope"	0.0489886064
"0.3"	"0.2"	"0.01"	"0.005"	"0.01"	"100000"	"10000"	"200"	"1247006229608704646"	25000	"intercept"	0.590002205
"0.3"	"0.2"	"0.01"	"0.005"	"0.01"	"100000"	"10000"	"200"	"1247006229608704646"	30000	"slope"	0.06874596445
"0.3"	"0.2"	"0.01"	"0.005"	"0.01"	"100000"	"10000"	"200"	"1247006229608704646"	30000	"intercept"	0.583620985
"0.3"	"0.2"	"0.01"	"0.005"	"0.01"	"100000"	"10000"	"200"	"1247006229608704646"	35000	"slope"	0.06916000625
"0.3"	"0.2"	"0.01"	"0.005"	"0.01"	"100000"	"10000"	"200"	"1247006229608704646"	35000	"intercept"	0.57527611
"0.3"	"0.2"	"0.01"	"0.005"	"0.01"	"100000"	"10000"	"200"	"1247006229608704646"	40000	"slope"	0.05195022512
"0.3"	"0.2"	"0.01"	"0.005"	"0.01"	"100000"	"10000"	"200"	"1247006229608704646"	40000	"intercept"	0.588126145
"0.3"	"0.2"	"0.01"	"0.005"	"0.01"	"100000"	"10000"	"200"	"1247006229608704646"	45000	"slope"	0.02735050173
"0.3"	"0.2"	"0.01"	"0.005"	"0.01"	"100000"	"10000"	"200"	"1247006229608704646"	45000	"intercept"	0.61971978
"0.3"	"0.2"	"0.01"	"0.005"	"0.01"	"100000"	"10000"	"200"	"1247006229608704646"	50000	"slope"	0.06979813745
"0.3"	"0.2"	"0.01"	"0.005"	"0.01"	"100000"	"10000"	"200"	"1247006229608704646"	50000	"intercept"	0.590416465
"0.3"	"0.2"	"0.01"	"0.005"	"0.01"	"100000"	"10000"	"200"	"1247006229608704646"	55000	"slope"	0.066385912515
"0.3"	"0.2"	"0.01"	"0.005"	"0.01"	"100000"	"10000"	"200"	"1247006229608704646"	55000	"intercept"	0.59789164
"0.3"	"0.2"	"0.01"	"0.005"	"0.01"	"100000"	"10000"	"200"	"1247006229608704646"	60000	"slope"	0.01322578900165
"0.3"	"0.2"	"0.01"	"0.005"	"0.01"	"100000"	"10000"	"200"	"1247006229608704646"	60000	"intercept"	0.632887825
"0.3"	"0.2"	"0.01"	"0.005"	"0.01"	"100000"	"10000"	"200"	"1247006229608704646"	65000	"slope"	0.023332888815
"0.3"	"0.2"	"0.01"	"0.005"	"0.01"	"100000"	"10000"	"200"	"1247006229608704646"	65000	"intercept"	0.60555412
"0.3"	"0.2"	"0.01"	"0.005"	"0.01"	"100000"	"10000"	"200"	"1247006229608704646"	70000	"slope"	0.003816069525
"0.3"	"0.2"	"0.01"	"0.005"	"0.01"	"100000"	"10000"	"200"	"1247006229608704646"	70000	"intercept"	0.625833385
"0.3"	"0.2"	"0.01"	"0.005"	"0.01"	"100000"	"10000"	"200"	"1247006229608704646"	75000	"slope"	0.02535727513
"0.3"	"0.2"	"0.01"	"0.005"	"0.01"	"100000"	"10000"	"200"	"1247006229608704646"	75000	"intercept"	0.61001087
"0.3"	"0.2"	"0.01"	"0.005"	"0.01"	"100000"	"10000"	"200"	"1247006229608704646"	80000	"slope"	0.03766254927
"0.3"	"0.2"	"0.01"	"0.005"	"0.01"	"100000"	"10000"	"200"	"1247006229608704646"	80000	"intercept"	0.59619929
"0.3"	"0.2"	"0.01"	"0.005"	"0.01"	"100000"	"10000"	"200"	"1247006229608704646"	85000	"slope"	0.060004911766
"0.3"	"0.2"	"0.01"	"0.005"	"0.01"	"100000"	"10000"	"200"	"1247006229608704646"	85000	"intercept"	0.58920424
"0.3"	"0.2"	"0.01"	"0.005"	"0.01"	"100000"	"10000"	"200"	"1247006229608704646"	90000	"slope"	-0.010681532945
"0.3"	"0.2"	"0.01"	"0.005"	"0.01"	"100000"	"10000"	"200"	"1247006229608704646"	90000	"intercept"	0.634509715
"0.3"	"0.2"	"0.01"	"0.005"	"0.01"	"100000"	"10000"	"200"	"1247006229608704646"	95000	"slope"	0.02411333049495
"0.3"	"0.2"	"0.01"	"0.005"	"0.01"	"100000"	"10000"	"200"	"1247006229608704646"	95000	"intercept"	0.61092206
"0.3"	"0.2"	"0.01"	"0.005"	"0.01"	"100000"	"10000"	"200"	"1247006229608704646"	100000	"slope"	0.00694720488
"0.3"	"0.2"	"0.01"	"0.005"	"0.01"	"100000"	"10000"	"200"	"1247006229608704646"	100000	"intercept"	0.61556148
"0.3"	"0.2"	"0.01"	"0.005"	"0.01"	"100000"	"10000"	"200"	"4286719408362246449"	10	"slope"	-6.08704145e-05
"0.3"	"0.2"	"0.01"	"0.005"	"0.01"	"100000"	"10000"	"200"	"4286719408362246449"	10	"intercept"	0.500034435
"0.3"	"0.2"	"0.01"	"0.005"	"0.01"	"100000"	"10000"	"200"	"4286719408362246449"	5000	"slope"	0.04816926945
"0.3"	"0.2"	"0.01"	"0.005"	"0.01"	"100000"	"10000"	"200"	"4286719408362246449"	5000	"intercept"	0.597990715
"0.3"	"0.2"	"0.01"	"0.005"	"0.01"	"100000"	"10000"	"200"	"4286719408362246449"	10000	"slope"	0.0228599895315
"0.3"	"0.2"	"0.01"	"0.005"	"0.01"	"100000"	"10000"	"200"	"4286719408362246449"	10000	"intercept"	0.6115197
"0.3"	"0.2"	"0.01"	"0.005"	"0.01"	"100000"	"10000"	"200"	"4286719408362246449"	15000	"slope"	0.013205737885
"0.3"	"0.2"	"0.01"	"0.005"	"0.01"	"100000"	"10000"	"200"	"4286719408362246449"	15000	"intercept"	0.61805736
"0.3"	"0.2"	"0.01"	"0.005"	"0.01"	"100000"	"10000"	"200"	"4286719408362246449"	20000	"slope"	0.04360853245
"0.3"	"0.2"	"0.01"	"0.005"	"0.01"	"100000"	"10000"	"200"	"4286719408362246449"	20000	"intercept"	0.59377735
"0.3"	"0.2"	"0.01"	"0.005"	"0.01"	"100000"	"10000"	"200"	"4286719408362246449"	25000	"slope"	0.038457814135
"0.3"	"0.2"	"0.01"	"0.005"	"0.01"	"100000"	"10000"	"200"	"4286719408362246449"	25000	"intercept"	0.60636617
"0.3"	"0.2"	"0.01"	"0.005"	"0.01"	"100000"	"10000"	"200"	"4286719408362246449"	30000	"slope"	0.0722897693
"0.3"	"0.2"	"0.01"	"0.005"	"0.01"	"100000"	"10000"	"200"	"4286719408362246449"	30000	"intercept"	0.569264645
"0.3"	"0.2"	"0.01"	"0.005"	"0.01"	"100000"	"10000"	"200"	"4286719408362246449"	35000	"slope"	0.07166265135925
"0.3"	"0.2"	"0.01"	"0.005"	"0.01"	"100000"	"10000"	"200"	"4286719408362246449"	35000	"intercept"	0.567577645
"0.3"	"0.2"	"0.01"	"0.005"	"0.01"	"100000"	"10000"	"200"	"4286719408362246449"	40000	"slope"	0.04474463214
"0.3"	"0.2"	"0.01"	"0.005"	"0.01"	"100000"	"10000"	"200"	"4286719408362246449"	40000	"intercept"	0.59646779
"0.3"	"0.2"	"0.01"	"0.005"	"0.01"	"100000"	"10000"	"200"	"4286719408362246449"	45000	"slope"	0.014651871779
"0.3"	"0.2"	"0.01"	"0.005"	"0.01"	"100000"	"10000"	"200"	"4286719408362246449"	45000	"intercept"	0.61867442
"0.3"	"0.2"	"0.01"	"0.005"	"0.01"	"100000"	"10000"	"200"	"4286719408362246449"	50000	"slope"	-0.022716941335
"0.3"	"0.2"	"0.01"	"0.005"	"0.01"	"100000"	"10000"	"200"	"4286719408362246449"	50000	"intercept"	0.631537525
"0.3"	"0.2"	"0.01"	"0.005"	"0.01"	"100000"	"10000"	"200"	"4286719408362246449"	55000	"slope"	-0.03093868944
"0.3"	"0.2"	"0.01"	"0.005"	"0.01"	"100000"	"10000"	"200"	"4286719408362246449"	55000	"intercept"	0.659107285
"0.3"	"0.2"	"0.01"	"0.005"	"0.01"	"100000"	"10000"	"200"	"4286719408362246449"	60000	"slope"	0.0155377892
"0.3"	"0.2"	"0.01"	"0.005"	"0.01"	"100000"	"10000"	"200"	"4286719408362246449"	60000	"intercept"	0.61484123
"0.3"	"0.2"	"0.01"	"0.005"	"0.01"	"100000"	"10000"	"200"	"4286719408362246449"	65000	"slope"	0.0611145893
"0.3"	"0.2"	"0.01"	"0.005"	"0.01"	"100000"	"10000"	"200"	"4286719408362246449"	65000	"intercept"	0.58207661
"0.3"	"0.2"	"0.01"	"0.005"	"0.01"	"100000"	"10000"	"200"	"4286719408362246449"	70000	"slope"	0.061972614065
"0.3"	"0.2"	"0.01"	"0.005"	"0.01"	"100000"	"10000"	"200"	"4286719408362246449"	70000	"intercept"	0.57560084
"0.3"	"0.2"	"0.01"	"0.005"	"0.01"	"100000"	"10000"	"200"	"4286719408362246449"	75000	"slope"	-0.00688958998
"0.3"	"0.2"	"0.01"	"0.005"	"0.01"	"100000"	"10000"	"200"	"4286719408362246449"	75000	"intercept"	0.63268086
"0.3"	"0.2"	"0.01"	"0.005"	"0.01"	"100000"	"10000"	"200"	"4286719408362246449"	80000	"slope"	-0.06827421285
"0.3"	"0.2"	"0.01"	"0.005"	"0.01"	"100000"	"10000"	"200"	"4286719408362246449"	80000	"intercept"	0.67215065
"0.3"	"0.2"	"0.01"	"0.005"	"0.01"	"100000"	"10000"	"200"	"4286719408362246449"	85000	"slope"	-0.057659453015
"0.3"	"0.2"	"0.01"	"0.005"	"0.01"	"100000"	"10000"	"200"	"4286719408362246449"	85000	"intercept"	0.662946215
"0.3"	"0.2"	"0.01"	"0.005"	"0.01"	"100000"	"10000"	"200"	"4286719408362246449"	90000	"slope"	-0.07255608005
"0.3"	"0.2"	"0.01"	"0.005"	"0.01"	"100000"	"10000"	"200"	"4286719408362246449"	90000	"intercept"	0.667770275
"0.3"	"0.2"	"0.01"	"0.005"	"0.01"	"100000"	"10000"	"200"	"4286719408362246449"	95000	"slope"	-0.062906556325
"0.3"	"0.2"	"0.01"	"0.005"	"0.01"	"100000"	"10000"	"200"	"4286719408362246449"	95000	"intercept"	0.6625823
"0.3"	"0.2"	"0.01"	"0.005"	"0.01"	"100000"	"10000"	"200"	"4286719408362246449"	100000	"slope"	-0.053087149625
"0.3"	"0.2"	"0.01"	"0.005"	"0.01"	"100000"	"10000"	"200"	"4286719408362246449"	100000	"intercept"	0.668655745
"0.3"	"0.2"	"0.01"	"0.005"	"0.01"	"100000"	"10000"	"200"	"468942497397774256"	10	"slope"	-0.00013712043
"0.3"	"0.2"	"0.01"	"0.005"	"0.01"	"100000"	"10000"	"200"	"468942497397774256"	10	"intercept"	0.499999165
"0.3"	"0.2"	"0.01"	"0.005"	"0.01"	"100000"	"10000"	"200"	"468942497397774256"	5000	"slope"	0.055546921
"0.3"	"0.2"	"0.01"	"0.005"	"0.01"	"100000"	"10000"	"200"	"468942497397774256"	5000	"intercept"	0.57843329
"0.3"	"0.2"	"0.01"	"0.005"	"0.01"	"100000"	"10000"	"200"	"468942497397774256"	10000	"slope"	0.081208102235
"0.3"	"0.2"	"0.01"	"0.005"	"0.01"	"100000"	"10000"	"200"	"468942497397774256"	10000	"intercept"	0.570496945
"0.3"	"0.2"	"0.01"	"0.005"	"0.01"	"100000"	"10000"	"200"	"468942497397774256"	15000	"slope"	0.072400846485
"0.3"	"0.2"	"0.01"	"0.005"	"0.01"	"100000"	"10000"	"200"	"468942497397774256"	15000	"intercept"	0.57760333
"0.3"	"0.2"	"0.01"	"0.005"	"0.01"	"100000"	"10000"	"200"	"468942497397774256"	20000	"slope"	0.038490992315
"0.3"	"0.2"	"0.01"	"0.005"	"0.01"	"100000"	"10000"	"200"	"468942497397774256"	20000	"intercept"	0.59852339
"0.3"	"0.2"	"0.01"	"0.005"	"0.01"	"100000"	"10000"	"200"	"468942497397774256"	25000	"slope"	0.0521028525
"0.3"	"0.2"	"0.01"	"0.005"	"0.01"	"100000"	"10000"	"200"	"468942497397774256"	25000	"intercept"	0.601311915
"0.3"	"0.2"	"0.01"	"0.005"	"0.01"	"100000"	"10000"	"200"	"468942497397774256"	30000	"slope"	0.026600291425
"0.3"	"0.2"	"0.01"	"0.005"	"0.01"	"100000"	"10000"	"200"	"468942497397774256"	30000	"intercept"	0.60583556
"0.3"	"0.2"	"0.01"	"0.005"	"0.01"	"100000"	"10000"	"200"	"468942497397774256"	35000	"slope"	-0.005932327405
"0.3"	"0.2"	"0.01"	"0.005"	"0.01"	"100000"	"10000"	"200"	"468942497397774256"	35000	"intercept"	0.63484669
"0.3"	"0.2"	"0.01"	"0.005"	"0.01"	"100000"	"10000"	"200"	"468942497397774256"	40000	"slope"	0.02279486067
"0.3"	"0.2"	"0.01"	"0.005"	"0.01"	"100000"	"10000"	"200"	"468942497397774256"	40000	"intercept"	0.606568845
"0.3"	"0.2"	"0.01"	"0.005"	"0.01"	"100000"	"10000"	"200"	"468942497397774256"	45000	"slope"	0.04582835636
"0.3"	"0.2"	"0.01"	"0.005"	"0.01"	"100000"	"10000"	"200"	"468942497397774256"	45000	"intercept"	0.611836085
"0.3"	"0.2"	"0.01"	"0.005"	"0.01"	"100000"	"10000"	"200"	"468942497397774256"	50000	"slope"	0.022864444811
"0.3"	"0.2"	"0.01"	"0.005"	"0.01"	"100000"	"10000"	"200"	"468942497397774256"	50000	"intercept"	0.615472645
"0.3"	"0.2"	"0.01"	"0.005"	"0.01"	"100000"	"10000"	"200"	"468942497397774256"	55000	"slope"	0.00929364457
"0.3"	"0.2"	"0.01"	"0.005"	"0.01"	"100000"	"10000"	"200"	"468942497397774256"	55000	"intercept"	0.61053333
"0.3"	"0.2"	"0.01"	"0.005"	"0.01"	"100000"	"10000"	"200"	"468942497397774256"	60000	"slope"	0.03590492869
"0.3"	"0.2"	"0.01"	"0.005"	"0.01"	"100000"	"10000"	"200"	"468942497397774256"	60000	"intercept"	0.61834319
"0.3"	"0.2"	"0.01"	"0.005"	"0.01"	"100000"	"10000"	"200"	"468942497397774256"	65000	"slope"	0.018133990165
"0.3"	"0.2"	"0.01"	"0.005"	"0.01"	"100000"	"10000"	"200"	"468942497397774256"	65000	"intercept"	0.617915555
"0.3"	"0.2"	"0.01"	"0.005"	"0.01"	"100000"	"10000"	"200"	"468942497397774256"	70000	"slope"	0.0282409406
"0.3"	"0.2"	"0.01"	"0.005"	"0.01"	"100000"	"10000"	"200"	"468942497397774256"	70000	"intercept"	0.60388718
"0.3"	"0.2"	"0.01"	"0.005"	"0.01"	"100000"	"10000"	"200"	"468942497397774256"	75000	"slope"	-0.0255276517665
"0.3"	"0.2"	"0.01"	"0.005"	"0.01"	"100000"	"10000"	"200"	"468942497397774256"	75000	"intercept"	0.644020385
"0.3"	"0.2"	"0.01"	"0.005"	"0.01"	"100000"	"10000"	"200"	"468942497397774256"	80000	"slope"	-0.021736691905
"0.3"	"0.2"	"0.01"	"0.005"	"0.01"	"100000"	"10000"	"200"	"468942497397774256"	80000	"intercept"	0.6463063
"0.3"	"0.2"	"0.01"	"0.005"	"0.01"	"100000"	"10000"	"200"	"468942497397774256"	85000	"slope"	0.019129594
"0.3"	"0.2"	"0.01"	"0.005"	"0.01"	"100000"	"10000"	"200"	"468942497397774256"	85000	"intercept"	0.599941085
"0.3"	"0.2"	"0.01"	"0.005"	"0.01"	"100000"	"10000"	"200"	"468942497397774256"	90000	"slope"	0.08637514395
"0.3"	"0.2"	"0.01"	"0.005"	"0.01"	"100000"	"10000"	"200"	"468942497397774256"	90000	"intercept"	0.573422755
"0.3"	"0.2"	"0.01"	"0.005"	"0.01"	"100000"	"10000"	"200"	"468942497397774256"	95000	"slope"	0.0547356937
"0.3"	"0.2"	"0.01"	"0.005"	"0.01"	"100000"	"10000"	"200"	"468942497397774256"	95000	"intercept"	0.593074435
"0.3"	"0.2"	"0.01"	"0.005"	"0.01"	"100000"	"10000"	"200"	"468942497397774256"	100000	"slope"	0.02966814819
"0.3"	"0.2"	"0.01"	"0.005"	"0.01"	"100000"	"10000"	"200"	"468942497397774256"	100000	"intercept"	0.61742117
"0.3"	"0.2"	"0.01"	"0.005"	"0.01"	"100000"	"10000"	"200"	"6566927081119528141"	10	"slope"	3.026174e-05
"0.3"	"0.2"	"0.01"	"0.005"	"0.01"	"100000"	"10000"	"200"	"6566927081119528141"	10	"intercept"	0.49999111
"0.3"	"0.2"	"0.01"	"0.005"	"0.01"	"100000"	"10000"	"200"	"6566927081119528141"	5000	"slope"	0.05501306005
"0.3"	"0.2"	"0.01"	"0.005"	"0.01"	"100000"	"10000"	"200"	"6566927081119528141"	5000	"intercept"	0.583601475
"0.3"	"0.2"	"0.01"	"0.005"	"0.01"	"100000"	"10000"	"200"	"6566927081119528141"	10000	"slope"	0.07253764065
"0.3"	"0.2"	"0.01"	"0.005"	"0.01"	"100000"	"10000"	"200"	"6566927081119528141"	10000	"intercept"	0.57625695
"0.3"	"0.2"	"0.01"	"0.005"	"0.01"	"100000"	"10000"	"200"	"6566927081119528141"	15000	"slope"	0.091972604
"0.3"	"0.2"	"0.01"	"0.005"	"0.01"	"100000"	"10000"	"200"	"6566927081119528141"	15000	"intercept"	0.562052665
"0.3"	"0.2"	"0.01"	"0.005"	"0.01"	"100000"	"10000"	"200"	"6566927081119528141"	20000	"slope"	0.077611964645
"0.3"	"0.2"	"0.01"	"0.005"	"0.01"	"100000"	"10000"	"200"	"6566927081119528141"	20000	"intercept"	0.561847375
"0.3"	"0.2"	"0.01"	"0.005"	"0.01"	"100000"	"10000"	"200"	"6566927081119528141"	25000	"slope"	0.03277535155
"0.3"	"0.2"	"0.01"	"0.005"	"0.01"	"100000"	"10000"	"200"	"6566927081119528141"	25000	"intercept"	0.60180226
"0.3"	"0.2"	"0.01"	"0.005"	"0.01"	"100000"	"10000"	"200"	"6566927081119528141"	30000	"slope"	-0.035889408455
"0.3"	"0.2"	"0.01"	"0.005"	"0.01"	"100000"	"10000"	"200"	"6566927081119528141"	30000	"intercept"	0.65007975
"0.3"	"0.2"	"0.01"	"0.005"	"0.01"	"100000"	"10000"	"200"	"6566927081119528141"	35000	"slope"	-0.0386762982755
"0.3"	"0.2"	"0.01"	"0.005"	"0.01"	"100000"	"10000"	"200"	"6566927081119528141"	35000	"intercept"	0.6500707
"0.3"	"0.2"	"0.01"	"0.005"	"0.01"	"100000"	"10000"	"200"	"6566927081119528141"	40000	"slope"	-0.046529368253
"0.3"	"0.2"	"0.01"	"0.005"	"0.01"	"100000"	"10000"	"200"	"6566927081119528141"	40000	"intercept"	0.66178298
"0.3"	"0.2"	"0.01"	"0.005"	"0.01"	"100000"	"10000"	"200"	"6566927081119528141"	45000	"slope"	-0.035689992105
"0.3"	"0.2"	"0.01"	"0.005"	"0.01"	"100000"	"10000"	"200"	"6566927081119528141"	45000	"intercept"	0.64917557
"0.3"	"0.2"	"0.01"	"0.005"	"0.01"	"100000"	"10000"	"200"	"6566927081119528141"	50000	"slope"	-0.04699726857245
"0.3"	"0.2"	"0.01"	"0.005"	"0.01"	"100000"	"10000"	"200"	"6566927081119528141"	50000	"intercept"	0.65510733
"0.3"	"0.2"	"0.01"	"0.005"	"0.01"	"100000"	"10000"	"200"	"6566927081119528141"	55000	"slope"	-0.06224124725
"0.3"	"0.2"	"0.01"	"0.005"	"0.01"	"100000"	"10000"	"200"	"6566927081119528141"	55000	"intercept"	0.671113585
"0.3"	"0.2"	"0.01"	"0.005"	"0.01"	"100000"	"10000"	"200"	"6566927081119528141"	60000	"slope"	-0.065116961565
"0.3"	"0.2"	"0.01"	"0.005"	"0.01"	"100000"	"10000"	"200"	"6566927081119528141"	60000	"intercept"	0.679475655
"0.3"	"0.2"	"0.01"	"0.005"	"0.01"	"100000"	"10000"	"200"	"6566927081119528141"	65000	"slope"	-0.07052737472
"0.3"	"0.2"	"0.01"	"0.005"	"0.01"	"100000"	"10000"	"200"	"6566927081119528141"	65000	"intercept"	0.656415615
"0.3"	"0.2"	"0.01"	"0.005"	"0.01"	"100000"	"10000"	"200"	"6566927081119528141"	70000	"slope"	-0.0650660777
"0.3"	"0.2"	"0.01"	"0.005"	"0.01"	"100000"	"10000"	"200"	"6566927081119528141"	70000	"intercept"	0.6780162
"0.3"	"0.2"	"0.01"	"0.005"	"0.01"	"100000"	"10000"	"200"	"6566927081119528141"	75000	"slope"	-0.005339308025
"0.3"	"0.2"	"0.01"	"0.005"	"0.01"	"100000"	"10000"	"200"	"6566927081119528141"	75000	"intercept"	0.63978149
"0.3"	"0.2"	"0.01"	"0.005"	"0.01"	"100000"	"10000"	"200"	"6566927081119528141"	80000	"slope"	0.0446763226
"0.3"	"0.2"	"0.01"	"0.005"	"0.01"	"100000"	"10000"	"200"	"6566927081119528141"	80000	"intercept"	0.600958205
"0.3"	"0.2"	"0.01"	"0.005"	"0.01"	"100000"	"10000"	"200"	"6566927081119528141"	85000	"slope"	0.030629314266
"0.3"	"0.2"	"0.01"	"0.005"	"0.01"	"100000"	"10000"	"200"	"6566927081119528141"	85000	"intercept"	0.61982132
"0.3"	"0.2"	"0.01"	"0.005"	"0.01"	"100000"	"10000"	"200"	"6566927081119528141"	90000	"slope"	0.022125363763875
"0.3"	"0.2"	"0.01"	"0.005"	"0.01"	"100000"	"10000"	"200"	"6566927081119528141"	90000	"intercept"	0.61157495
"0.3"	"0.2"	"0.01"	"0.005"	"0.01"	"100000"	"10000"	"200"	"6566927081119528141"	95000	"slope"	0.09760079475
"0.3"	"0.2"	"0.01"	"0.005"	"0.01"	"100000"	"10000"	"200"	"6566927081119528141"	95000	"intercept"	0.568473435
"0.3"	"0.2"	"0.01"	"0.005"	"0.01"	"100000"	"10000"	"200"	"6566927081119528141"	100000	"slope"	0.0871006424
"0.3"	"0.2"	"0.01"	"0.005"	"0.01"	"100000"	"10000"	"200"	"6566927081119528141"	100000	"intercept"	0.575444185
"0.3"	"0.2"	"0.01"	"0.005"	"0.01"	"100000"	"10000"	"200"	"8390053581968901498"	10	"slope"	-1.77864e-05
"0.3"	"0.2"	"0.01"	"0.005"	"0.01"	"100000"	"10000"	"200"	"8390053581968901498"	10	"intercept"	0.499931315
"0.3"	"0.2"	"0.01"	"0.005"	"0.01"	"100000"	"10000"	"200"	"8390053581968901498"	5000	"slope"	0.025419869034
"0.3"	"0.2"	"0.01"	"0.005"	"0.01"	"100000"	"10000"	"200"	"8390053581968901498"	5000	"intercept"	0.59404996
"0.3"	"0.2"	"0.01"	"0.005"	"0.01"	"100000"	"10000"	"200"	"8390053581968901498"	10000	"slope"	0.0452528461708
"0.3"	"0.2"	"0.01"	"0.005"	"0.01"	"100000"	"10000"	"200"	"8390053581968901498"	10000	"intercept"	0.596434315
"0.3"	"0.2"	"0.01"	"0.005"	"0.01"	"100000"	"10000"	"200"	"8390053581968901498"	15000	"slope"	0.025132483005
"0.3"	"0.2"	"0.01"	"0.005"	"0.01"	"100000"	"10000"	"200"	"8390053581968901498"	15000	"intercept"	0.608714395
"0.3"	"0.2"	"0.01"	"0.005"	"0.01"	"100000"	"10000"	"200"	"8390053581968901498"	20000	"slope"	0.015194449003
"0.3"	"0.2"	"0.01"	"0.005"	"0.01"	"100000"	"10000"	"200"	"8390053581968901498"	20000	"intercept"	0.61608495
"0.3"	"0.2"	"0.01"	"0.005"	"0.01"	"100000"	"10000"	"200"	"8390053581968901498"	25000	"slope"	0.037479508366
"0.3"	"0.2"	"0.01"	"0.005"	"0.01"	"100000"	"10000"	"200"	"8390053581968901498"	25000	"intercept"	0.59841506
"0.3"	"0.2"	"0.01"	"0.005"	"0.01"	"100000"	"10000"	"200"	"8390053581968901498"	30000	"slope"	0.0540119961635
"0.3"	"0.2"	"0.01"	"0.005"	"0.01"	"100000"	"10000"	"200"	"8390053581968901498"	30000	"intercept"	0.595168835
"0.3"	"0.2"	"0.01"	"0.005"	"0.01"	"100000"	"10000"	"200"	"8390053581968901498"	35000	"slope"	-0.004445455755
"0.3"	"0.2"	"0.01"	"0.005"	"0.01"	"100000"	"10000"	"200"	"8390053581968901498"	35000	"intercept"	0.626923675
"0.3"	"0.2"	"0.01"	"0.005"	"0.01"	"100000"	"10000"	"200"	"8390053581968901498"	40000	"slope"	0.01057027046
"0.3"	"0.2"	"0.01"	"0.005"	"0.01"	"100000"	"10000"	"200"	"8390053581968901498"	40000	"intercept"	0.623991115
"0.3"	"0.2"	"0.01"	"0.005"	"0.01"	"100000"	"10000"	"200"	"8390053581968901498"	45000	"slope"	0.01357298775
"0.3"	"0.2"	"0.01"	"0.005"	"0.01"	"100000"	"10000"	"200"	"8390053581968901498"	45000	"intercept"	0.625756825
"0.3"	"0.2"	"0.01"	"0.005"	"0.01"	"100000"	"10000"	"200"	"8390053581968901498"	50000	"slope"	0.0504849124
"0.3"	"0.2"	"0.01"	"0.005"	"0.01"	"100000"	"10000"	"200"	"8390053581968901498"	50000	"intercept"	0.58918289
"0.3"	"0.2"	"0.01"	"0.005"	"0.01"	"100000"	"10000"	"200"	"8390053581968901498"	55000	"slope"	0.074575263475
"0.3"	"0.2"	"0.01"	"0.005"	"0.01"	"100000"	"10000"	"200"	"8390053581968901498"	55000	"intercept"	0.57446377
"0.3"	"0.2"	"0.01"	"0.005"	"0.01"	"100000"	"10000"	"200"	"8390053581968901498"	60000	"slope"	0.094129297575
"0.3"	"0.2"	"0.01"	"0.005"	"0.01"	"100000"	"10000"	"200"	"8390053581968901498"	60000	"intercept"	0.572514805
"0.3"	"0.2"	"0.01"	"0.005"	"0.01"	"100000"	"10000"	"200"	"8390053581968901498"	65000	"slope"	0.065324626195
"0.3"	"0.2"	"0.01"	"0.005"	"0.01"	"100000"	"10000"	"200"	"8390053581968901498"	65000	"intercept"	0.58261947
"0.3"	"0.2"	"0.01"	"0.005"	"0.01"	"100000"	"10000"	"200"	"8390053581968901498"	70000	"slope"	0.052255544665
"0.3"	"0.2"	"0.01"	"0.005"	"0.01"	"100000"	"10000"	"200"	"8390053581968901498"	70000	"intercept"	0.59210504
"0.3"	"0.2"	"0.01"	"0.005"	"0.01"	"100000"	"10000"	"200"	"8390053581968901498"	75000	"slope"	0.066872246855
"0.3"	"0.2"	"0.01"	"0.005"	"0.01"	"100000"	"10000"	"200"	"8390053581968901498"	75000	"intercept"	0.586251535
"0.3"	"0.2"	"0.01"	"0.005"	"0.01"	"100000"	"10000"	"200"	"8390053581968901498"	80000	"slope"	-0.035552477935
"0.3"	"0.2"	"0.01"	"0.005"	"0.01"	"100000"	"10000"	"200"	"8390053581968901498"	80000	"intercept"	0.65160314
"0.3"	"0.2"	"0.01"	"0.005"	"0.01"	"100000"	"10000"	"200"	"8390053581968901498"	85000	"slope"	-0.015590778095
"0.3"	"0.2"	"0.01"	"0.005"	"0.01"	"100000"	"10000"	"200"	"8390053581968901498"	85000	"intercept"	0.63290355
"0.3"	"0.2"	"0.01"	"0.005"	"0.01"	"100000"	"10000"	"200"	"8390053581968901498"	90000	"slope"	-0.04140102971
"0.3"	"0.2"	"0.01"	"0.005"	"0.01"	"100000"	"10000"	"200"	"8390053581968901498"	90000	"intercept"	0.648525745
"0.3"	"0.2"	"0.01"	"0.005"	"0.01"	"100000"	"10000"	"200"	"8390053581968901498"	95000	"slope"	0.016611216345
"0.3"	"0.2"	"0.01"	"0.005"	"0.01"	"100000"	"10000"	"200"	"8390053581968901498"	95000	"intercept"	0.619459905
"0.3"	"0.2"	"0.01"	"0.005"	"0.01"	"100000"	"10000"	"200"	"8390053581968901498"	100000	"slope"	0.048227334835
"0.3"	"0.2"	"0.01"	"0.005"	"0.01"	"100000"	"10000"	"200"	"8390053581968901498"	100000	"intercept"	0.593016215
"0.7"	"0.2"	"0.01"	"0.005"	"0.01"	"100000"	"10000"	"200"	"1571268453387911499"	10	"slope"	-4.24501e-05
"0.7"	"0.2"	"0.01"	"0.005"	"0.01"	"100000"	"10000"	"200"	"1571268453387911499"	10	"intercept"	0.499919795
"0.7"	"0.2"	"0.01"	"0.005"	"0.01"	"100000"	"10000"	"200"	"1571268453387911499"	5000	"slope"	0.1418245735
"0.7"	"0.2"	"0.01"	"0.005"	"0.01"	"100000"	"10000"	"200"	"1571268453387911499"	5000	"intercept"	0.72378745
"0.7"	"0.2"	"0.01"	"0.005"	"0.01"	"100000"	"10000"	"200"	"1571268453387911499"	10000	"slope"	0.133222656
"0.7"	"0.2"	"0.01"	"0.005"	"0.01"	"100000"	"10000"	"200"	"1571268453387911499"	10000	"intercept"	0.737512505
"0.7"	"0.2"	"0.01"	"0.005"	"0.01"	"100000"	"10000"	"200"	"1571268453387911499"	15000	"slope"	0.06155242146
"0.7"	"0.2"	"0.01"	"0.005"	"0.01"	"100000"	"10000"	"200"	"1571268453387911499"	15000	"intercept"	0.793956105
"0.7"	"0.2"	"0.01"	"0.005"	"0.01"	"100000"	"10000"	"200"	"1571268453387911499"	20000	"slope"	0.065584360575
"0.7"	"0.2"	"0.01"	"0.005"	"0.01"	"100000"	"10000"	"200"	"1571268453387911499"	20000	"intercept"	0.798329295
"0.7"	"0.2"	"0.01"	"0.005"	"0.01"	"100000"	"10000"	"200"	"1571268453387911499"	25000	"slope"	0.0311858785325
"0.7"	"0.2"	"0.01"	"0.005"	"0.01"	"100000"	"10000"	"200"	"1571268453387911499"	25000	"intercept"	0.808088495
"0.7"	"0.2"	"0.01"	"0.005"	"0.01"	"100000"	"10000"	"200"	"1571268453387911499"	30000	"slope"	-0.005400879305
"0.7"	"0.2"	"0.01"	"0.005"	"0.01"	"100000"	"10000"	"200"	"1571268453387911499"	30000	"intercept"	0.830445935
"0.7"	"0.2"	"0.01"	"0.005"	"0.01"	"100000"	"10000"	"200"	"1571268453387911499"	35000	"slope"	0.01432904502
"0.7"	"0.2"	"0.01"	"0.005"	"0.01"	"100000"	"10000"	"200"	"1571268453387911499"	35000	"intercept"	0.81814041
"0.7"	"0.2"	"0.01"	"0.005"	"0.01"	"100000"	"10000"	"200"	"1571268453387911499"	40000	"slope"	-0.019660381625
"0.7"	"0.2"	"0.01"	"0.005"	"0.01"	"100000"	"10000"	"200"	"1571268453387911499"	40000	"intercept"	0.8404655
"0.7"	"0.2"	"0.01"	"0.005"	"0.01"	"100000"	"10000"	"200"	"1571268453387911499"	45000	"slope"	-0.04623181369
"0.7"	"0.2"	"0.01"	"0.005"	"0.01"	"100000"	"10000"	"200"	"1571268453387911499"	45000	"intercept"	0.858176815
"0.7"	"0.2"	"0.01"	"0.005"	"0.01"	"100000"	"10000"	"200"	"1571268453387911499"	50000	"slope"	-0.04363246143
"0.7"	"0.2"	"0.01"	"0.005"	"0.01"	"100000"	"10000"	"200"	"1571268453387911499"	50000	"intercept"	0.85709148
"0.7"	"0.2"	"0.01"	"0.005"	"0.01"	"100000"	"10000"	"200"	"1571268453387911499"	55000	"slope"	-0.0396114648
"0.7"	"0.2"	"0.01"	"0.005"	"0.01"	"100000"	"10000"	"200"	"1571268453387911499"	55000	"intercept"	0.85373091
"0.7"	"0.2"	"0.01"	"0.005"	"0.01"	"100000"	"10000"	"200"	"1571268453387911499"	60000	"slope"	-0.036193698725
"0.7"	"0.2"	"0.01"	"0.005"	"0.01"	"100000"	"10000"	"200"	"1571268453387911499"	60000	"intercept"	0.85590884
"0.7"	"0.2"	"0.01"	"0.005"	"0.01"	"100000"	"10000"	"200"	"1571268453387911499"	65000	"slope"	-0.0448182069235
"0.7"	"0.2"	"0.01"	"0.005"	"0.01"	"100000"	"10000"	"200"	"1571268453387911499"	65000	"intercept"	0.849789075
"0.7"	"0.2"	"0.01"	"0.005"	"0.01"	"100000"	"10000"	"200"	"1571268453387911499"	70000	"slope"	-0.04565325739
"0.7"	"0.2"	"0.01"	"0.005"	"0.01"	"100000"	"10000"	"200"	"1571268453387911499"	70000	"intercept"	0.862963785
"0.7"	"0.2"	"0.01"	"0.005"	"0.01"	"100000"	"10000"	"200"	"1571268453387911499"	75000	"slope"	-0.029054286
"0.7"	"0.2"	"0.01"	"0.005"	"0.01"	"100000"	"10000"	"200"	"1571268453387911499"	75000	"intercept"	0.866528765
"0.7"	"0.2"	"0.01"	"0.005"	"0.01"	"100000"	"10000"	"200"	"1571268453387911499"	80000	"slope"	-0.0938717285
"0.7"	"0.2"	"0.01"	"0.005"	"0.01"	"100000"	"10000"	"200"	"1571268453387911499"	80000	"intercept"	0.88259413
"0.7"	"0.2"	"0.01"	"0.005"	"0.01"	"100000"	"10000"	"200"	"1571268453387911499"	85000	"slope"	-0.10844024
"0.7"	"0.2"	"0.01"	"0.005"	"0.01"	"100000"	"10000"	"200"	"1571268453387911499"	85000	"intercept"	0.909929135
"0.7"	"0.2"	"0.01"	"0.005"	"0.01"	"100000"	"10000"	"200"	"1571268453387911499"	90000	"slope"	-0.071356261705
"0.7"	"0.2"	"0.01"	"0.005"	"0.01"	"100000"	"10000"	"200"	"1571268453387911499"	90000	"intercept"	0.87948919
"0.7"	"0.2"	"0.01"	"0.005"	"0.01"	"100000"	"10000"	"200"	"1571268453387911499"	95000	"slope"	-0.0451582843425
"0.7"	"0.2"	"0.01"	"0.005"	"0.01"	"100000"	"10000"	"200"	"1571268453387911499"	95000	"intercept"	0.849663045
"0.7"	"0.2"	"0.01"	"0.005"	"0.01"	"100000"	"10000"	"200"	"1571268453387911499"	100000	"slope"	0.00618499122
"0.7"	"0.2"	"0.01"	"0.005"	"0.01"	"100000"	"10000"	"200"	"1571268453387911499"	100000	"intercept"	0.82284758
"0.7"	"0.2"	"0.01"	"0.005"	"0.01"	"100000"	"10000"	"200"	"3553828912951739566"	10	"slope"	-0.000117707635
"0.7"	"0.2"	"0.01"	"0.005"	"0.01"	"100000"	"10000"	"200"	"3553828912951739566"	10	"intercept"	0.500114965
"0.7"	"0.2"	"0.01"	"0.005"	"0.01"	"100000"	"10000"	"200"	"3553828912951739566"	5000	"slope"	0.05647888705
"0.7"	"0.2"	"0.01"	"0.005"	"0.01"	"100000"	"10000"	"200"	"3553828912951739566"	5000	"intercept"	0.784950135
"0.7"	"0.2"	"0.01"	"0.005"	"0.01"	"100000"	"10000"	"200"	"3553828912951739566"	10000	"slope"	0.060032525555
"0.7"	"0.2"	"0.01"	"0.005"	"0.01"	"100000"	"10000"	"200"	"3553828912951739566"	10000	"intercept"	0.782624145
"0.7"	"0.2"	"0.01"	"0.005"	"0.01"	"100000"	"10000"	"200"	"3553828912951739566"	15000	"slope"	0.046276090695
"0.7"	"0.2"	"0.01"	"0.005"	"0.01"	"100000"	"10000"	"200"	"3553828912951739566"	15000	"intercept"	0.795299815
"0.7"	"0.2"	"0.01"	"0.005"	"0.01"	"100000"	"10000"	"200"	"3553828912951739566"	20000	"slope"	0.0312078234495
"0.7"	"0.2"	"0.01"	"0.005"	"0.01"	"100000"	"10000"	"200"	"3553828912951739566"	20000	"intercept"	0.796955385
"0.7"	"0.2"	"0.01"	"0.005"	"0.01"	"100000"	"10000"	"200"	"3553828912951739566"	25000	"slope"	0.02985122065
"0.7"	"0.2"	"0.01"	"0.005"	"0.01"	"100000"	"10000"	"200"	"3553828912951739566"	25000	"intercept"	0.80000616
"0.7"	"0.2"	"0.01"	"0.005"	"0.01"	"100000"	"10000"	"200"	"3553828912951739566"	30000	"slope"	0.059219731935
"0.7"	"0.2"	"0.01"	"0.005"	"0.01"	"100000"	"10000"	"200"	"3553828912951739566"	30000	"intercept"	0.80124784
"0.7"	"0.2"	"0.01"	"0.005"	"0.01"	"100000"	"10000"	"200"	"3553828912951739566"	35000	"slope"	0.063631907565
"0.7"	"0.2"	"0.01"	"0.005"	"0.01"	"100000"	"10000"	"200"	"3553828912951739566"	35000	"intercept"	0.79523078
"0.7"	"0.2"	"0.01"	"0.005"	"0.01"	"100000"	"10000"	"200"	"3553828912951739566"	40000	"slope"	0.06594321155
"0.7"	"0.2"	"0.01"	"0.005"	"0.01"	"100000"	"10000"	"200"	"3553828912951739566"	40000	"intercept"	0.77721667
"0.7"	"0.2"	"0.01"	"0.005"	"0.01"	"100000"	"10000"	"200"	"3553828912951739566"	45000	"slope"	0.0490549458
"0.7"	"0.2"	"0.01"	"0.005"	"0.01"	"100000"	"10000"	"200"	"3553828912951739566"	45000	"intercept"	0.798594305
"0.7"	"0.2"	"0.01"	"0.005"	"0.01"	"100000"	"10000"	"200"	"3553828912951739566"	50000	"slope"	0.075936560415
"0.7"	"0.2"	"0.01"	"0.005"	"0.01"	"100000"	"10000"	"200"	"3553828912951739566"	50000	"intercept"	0.773053965
"0.7"	"0.2"	"0.01"	"0.005"	"0.01"	"100000"	"10000"	"200"	"3553828912951739566"	55000	"slope"	0.05784050145
"0.7"	"0.2"	"0.01"	"0.005"	"0.01"	"100000"	"10000"	"200"	"3553828912951739566"	55000	"intercept"	0.7886752
"0.7"	"0.2"	"0.01"	"0.005"	"0.01"	"100000"	"10000"	"200"	"3553828912951739566"	60000	"slope"	0.004339780415
"0.7"	"0.2"	"0.01"	"0.005"	"0.01"	"100000"	"10000"	"200"	"3553828912951739566"	60000	"intercept"	0.825272975
"0.7"	"0.2"	"0.01"	"0.005"	"0.01"	"100000"	"10000"	"200"	"3553828912951739566"	65000	"slope"	-0.0246686284
"0.7"	"0.2"	"0.01"	"0.005"	"0.01"	"100000"	"10000"	"200"	"3553828912951739566"	65000	"intercept"	0.842367935
"0.7"	"0.2"	"0.01"	"0.005"	"0.01"	"100000"	"10000"	"200"	"3553828912951739566"	70000	"slope"	-0.047664850185
"0.7"	"0.2"	"0.01"	"0.005"	"0.01"	"100000"	"10000"	"200"	"3553828912951739566"	70000	"intercept"	0.854411745
"0.7"	"0.2"	"0.01"	"0.005"	"0.01"	"100000"	"10000"	"200"	"3553828912951739566"	75000	"slope"	-0.07730126415
"0.7"	"0.2"	"0.01"	"0.005"	"0.01"	"100000"	"10000"	"200"	"3553828912951739566"	75000	"intercept"	0.87870714
"0.7"	"0.2"	"0.01"	"0.005"	"0.01"	"100000"	"10000"	"200"	"3553828912951739566"	80000	"slope"	-0.1057245825
"0.7"	"0.2"	"0.01"	"0.005"	"0.01"	"100000"	"10000"	"200"	"3553828912951739566"	80000	"intercept"	0.89464745
"0.7"	"0.2"	"0.01"	"0.005"	"0.01"	"100000"	"10000"	"200"	"3553828912951739566"	85000	"slope"	-0.0573206364
"0.7"	"0.2"	"0.01"	"0.005"	"0.01"	"100000"	"10000"	"200"	"3553828912951739566"	85000	"intercept"	0.87169697
"0.7"	"0.2"	"0.01"	"0.005"	"0.01"	"100000"	"10000"	"200"	"3553828912951739566"	90000	"slope"	-0.09055889775
"0.7"	"0.2"	"0.01"	"0.005"	"0.01"	"100000"	"10000"	"200"	"3553828912951739566"	90000	"intercept"	0.87417105
"0.7"	"0.2"	"0.01"	"0.005"	"0.01"	"100000"	"10000"	"200"	"3553828912951739566"	95000	"slope"	-0.092501853649
"0.7"	"0.2"	"0.01"	"0.005"	"0.01"	"100000"	"10000"	"200"	"3553828912951739566"	95000	"intercept"	0.89091132
"0.7"	"0.2"	"0.01"	"0.005"	"0.01"	"100000"	"10000"	"200"	"3553828912951739566"	100000	"slope"	-0.1404474125
"0.7"	"0.2"	"0.01"	"0.005"	"0.01"	"100000"	"10000"	"200"	"3553828912951739566"	100000	"intercept"	0.92804445
"0.7"	"0.2"	"0.01"	"0.005"	"0.01"	"100000"	"10000"	"200"	"3953579334417017074"	10	"slope"	-0.00017533765
"0.7"	"0.2"	"0.01"	"0.005"	"0.01"	"100000"	"10000"	"200"	"3953579334417017074"	10	"intercept"	0.500112585
"0.7"	"0.2"	"0.01"	"0.005"	"0.01"	"100000"	"10000"	"200"	"3953579334417017074"	5000	"slope"	0.1325750415
"0.7"	"0.2"	"0.01"	"0.005"	"0.01"	"100000"	"10000"	"200"	"3953579334417017074"	5000	"intercept"	0.73292323
"0.7"	"0.2"	"0.01"	"0.005"	"0.01"	"100000"	"10000"	"200"	"3953579334417017074"	10000	"slope"	0.164724617
"0.7"	"0.2"	"0.01"	"0.005"	"0.01"	"100000"	"10000"	"200"	"3953579334417017074"	10000	"intercept"	0.719228545
"0.7"	"0.2"	"0.01"	"0.005"	"0.01"	"100000"	"10000"	"200"	"3953579334417017074"	15000	"slope"	0.1431054837
"0.7"	"0.2"	"0.01"	"0.005"	"0.01"	"100000"	"10000"	"200"	"3953579334417017074"	15000	"intercept"	0.72846737
"0.7"	"0.2"	"0.01"	"0.005"	"0.01"	"100000"	"10000"	"200"	"3953579334417017074"	20000	"slope"	0.141653823
"0.7"	"0.2"	"0.01"	"0.005"	"0.01"	"100000"	"10000"	"200"	"3953579334417017074"	20000	"intercept"	0.737233865
"0.7"	"0.2"	"0.01"	"0.005"	"0.01"	"100000"	"10000"	"200"	"3953579334417017074"	25000	"slope"	0.08958066806
"0.7"	"0.2"	"0.01"	"0.005"	"0.01"	"100000"	"10000"	"200"	"3953579334417017074"	25000	"intercept"	0.766960325
"0.7"	"0.2"	"0.01"	"0.005"	"0.01"	"100000"	"10000"	"200"	"3953579334417017074"	30000	"slope"	0.0780040954
"0.7"	"0.2"	"0.01"	"0.005"	"0.01"	"100000"	"10000"	"200"	"3953579334417017074"	30000	"intercept"	0.77141458
"0.7"	"0.2"	"0.01"	"0.005"	"0.01"	"100000"	"10000"	"200"	"3953579334417017074"	35000	"slope"	0.060305551075
"0.7"	"0.2"	"0.01"	"0.005"	"0.01"	"100000"	"10000"	"200"	"3953579334417017074"	35000	"intercept"	0.79207081
"0.7"	"0.2"	"0.01"	"0.005"	"0.01"	"100000"	"10000"	"200"	"3953579334417017074"	40000	"slope"	0.09069467935
"0.7"	"0.2"	"0.01"	"0.005"	"0.01"	"100000"	"10000"	"200"	"3953579334417017074"	40000	"intercept"	0.76496383
"0.7"	"0.2"	"0.01"	"0.005"	"0.01"	"100000"	"10000"	"200"	"3953579334417017074"	45000	"slope"	-0.01823585005
"0.7"	"0.2"	"0.01"	"0.005"	"0.01"	"100000"	"10000"	"200"	"3953579334417017074"	45000	"intercept"	0.852246395
"0.7"	"0.2"	"0.01"	"0.005"	"0.01"	"100000"	"10000"	"200"	"3953579334417017074"	50000	"slope"	-0.1039052474
"0.7"	"0.2"	"0.01"	"0.005"	"0.01"	"100000"	"10000"	"200"	"3953579334417017074"	50000	"intercept"	0.89442891
"0.7"	"0.2"	"0.01"	"0.005"	"0.01"	"100000"	"10000"	"200"	"3953579334417017074"	55000	"slope"	-0.06095736273
"0.7"	"0.2"	"0.01"	"0.005"	"0.01"	"100000"	"10000"	"200"	"3953579334417017074"	55000	"intercept"	0.86155898
"0.7"	"0.2"	"0.01"	"0.005"	"0.01"	"100000"	"10000"	"200"	"3953579334417017074"	60000	"slope"	-0.0930567435
"0.7"	"0.2"	"0.01"	"0.005"	"0.01"	"100000"	"10000"	"200"	"3953579334417017074"	60000	"intercept"	0.881761605
"0.7"	"0.2"	"0.01"	"0.005"	"0.01"	"100000"	"10000"	"200"	"3953579334417017074"	65000	"slope"	-0.099485352
"0.7"	"0.2"	"0.01"	"0.005"	"0.01"	"100000"	"10000"	"200"	"3953579334417017074"	65000	"intercept"	0.90018676
"0.7"	"0.2"	"0.01"	"0.005"	"0.01"	"100000"	"10000"	"200"	"3953579334417017074"	70000	"slope"	-0.109626657
"0.7"	"0.2"	"0.01"	"0.005"	"0.01"	"100000"	"10000"	"200"	"3953579334417017074"	70000	"intercept"	0.89754069
"0.7"	"0.2"	"0.01"	"0.005"	"0.01"	"100000"	"10000"	"200"	"3953579334417017074"	75000	"slope"	-0.0781163375
"0.7"	"0.2"	"0.01"	"0.005"	"0.01"	"100000"	"10000"	"200"	"3953579334417017074"	75000	"intercept"	0.87974089
"0.7"	"0.2"	"0.01"	"0.005"	"0.01"	"100000"	"10000"	"200"	"3953579334417017074"	80000	"slope"	-0.06262048995
"0.7"	"0.2"	"0.01"	"0.005"	"0.01"	"100000"	"10000"	"200"	"3953579334417017074"	80000	"intercept"	0.875154145
"0.7"	"0.2"	"0.01"	"0.005"	"0.01"	"100000"	"10000"	"200"	"3953579334417017074"	85000	"slope"	-0.09786719935
"0.7"	"0.2"	"0.01"	"0.005"	"0.01"	"100000"	"10000"	"200"	"3953579334417017074"	85000	"intercept"	0.89390171
"0.7"	"0.2"	"0.01"	"0.005"	"0.01"	"100000"	"10000"	"200"	"3953579334417017074"	90000	"slope"	-0.069844183555
"0.7"	"0.2"	"0.01"	"0.005"	"0.01"	"100000"	"10000"	"200"	"3953579334417017074"	90000	"intercept"	0.876029595
"0.7"	"0.2"	"0.01"	"0.005"	"0.01"	"100000"	"10000"	"200"	"3953579334417017074"	95000	"slope"	-0.0354444595355
"0.7"	"0.2"	"0.01"	"0.005"	"0.01"	"100000"	"10000"	"200"	"3953579334417017074"	95000	"intercept"	0.85355334
"0.7"	"0.2"	"0.01"	"0.005"	"0.01"	"100000"	"10000"	"200"	"3953579334417017074"	100000	"slope"	-0.00256482035
"0.7"	"0.2"	"0.01"	"0.005"	"0.01"	"100000"	"10000"	"200"	"3953579334417017074"	100000	"intercept"	0.827242185
"0.7"	"0.2"	"0.01"	"0.005"	"0.01"	"100000"	"10000"	"200"	"6852265869077542800"	10	"slope"	-0.00012530225
"0.7"	"0.2"	"0.01"	"0.005"	"0.01"	"100000"	"10000"	"200"	"6852265869077542800"	10	"intercept"	0.499961615
"0.7"	"0.2"	"0.01"	"0.005"	"0.01"	"100000"	"10000"	"200"	"6852265869077542800"	5000	"slope"	0.15306997
"0.7"	"0.2"	"0.01"	"0.005"	"0.01"	"100000"	"10000"	"200"	"6852265869077542800"	5000	"intercept"	0.726709105
"0.7"	"0.2"	"0.01"	"0.005"	"0.01"	"100000"	"10000"	"200"	"6852265869077542800"	10000	"slope"	0.140277915
"0.7"	"0.2"	"0.01"	"0.005"	"0.01"	"100000"	"10000"	"200"	"6852265869077542800"	10000	"intercept"	0.732147125
"0.7"	"0.2"	"0.01"	"0.005"	"0.01"	"100000"	"10000"	"200"	"6852265869077542800"	15000	"slope"	0.1159769005
"0.7"	"0.2"	"0.01"	"0.005"	"0.01"	"100000"	"10000"	"200"	"6852265869077542800"	15000	"intercept"	0.753375725
"0.7"	"0.2"	"0.01"	"0.005"	"0.01"	"100000"	"10000"	"200"	"6852265869077542800"	20000	"slope"	0.1205840505
"0.7"	"0.2"	"0.01"	"0.005"	"0.01"	"100000"	"10000"	"200"	"6852265869077542800"	20000	"intercept"	0.74566195
"0.7"	"0.2"	"0.01"	"0.005"	"0.01"	"100000"	"10000"	"200"	"6852265869077542800"	25000	"slope"	0.1188685
"0.7"	"0.2"	"0.01"	"0.005"	"0.01"	"100000"	"10000"	"200"	"6852265869077542800"	25000	"intercept"	0.741962535
"0.7"	"0.2"	"0.01"	"0.005"	"0.01"	"100000"	"10000"	"200"	"6852265869077542800"	30000	"slope"	0.086737654
"0.7"	"0.2"	"0.01"	"0.005"	"0.01"	"100000"	"10000"	"200"	"6852265869077542800"	30000	"intercept"	0.7674648
"0.7"	"0.2"	"0.01"	"0.005"	"0.01"	"100000"	"10000"	"200"	"6852265869077542800"	35000	"slope"	0.06643732016
"0.7"	"0.2"	"0.01"	"0.005"	"0.01"	"100000"	"10000"	"200"	"6852265869077542800"	35000	"intercept"	0.782018435
"0.7"	"0.2"	"0.01"	"0.005"	"0.01"	"100000"	"10000"	"200"	"6852265869077542800"	40000	"slope"	0.035254408755
"0.7"	"0.2"	"0.01"	"0.005"	"0.01"	"100000"	"10000"	"200"	"6852265869077542800"	40000	"intercept"	0.79686856
"0.7"	"0.2"	"0.01"	"0.005"	"0.01"	"100000"	"10000"	"200"	"6852265869077542800"	45000	"slope"	0.095707403147
"0.7"	"0.2"	"0.01"	"0.005"	"0.01"	"100000"	"10000"	"200"	"6852265869077542800"	45000	"intercept"	0.761864005
"0.7"	"0.2"	"0.01"	"0.005"	"0.01"	"100000"	"10000"	"200"	"6852265869077542800"	50000	"slope"	0.072615925875
"0.7"	"0.2"	"0.01"	"0.005"	"0.01"	"100000"	"10000"	"200"	"6852265869077542800"	50000	"intercept"	0.776981835
"0.7"	"0.2"	"0.01"	"0.005"	"0.01"	"100000"	"10000"	"200"	"6852265869077542800"	55000	"slope"	0.13015012174
"0.7"	"0.2"	"0.01"	"0.005"	"0.01"	"100000"	"10000"	"200"	"6852265869077542800"	55000	"intercept"	0.73428004
"0.7"	"0.2"	"0.01"	"0.005"	"0.01"	"100000"	"10000"	"200"	"6852265869077542800"	60000	"slope"	0.01977990174
"0.7"	"0.2"	"0.01"	"0.005"	"0.01"	"100000"	"10000"	"200"	"6852265869077542800"	60000	"intercept"	0.81191953
"0.7"	"0.2"	"0.01"	"0.005"	"0.01"	"100000"	"10000"	"200"	"6852265869077542800"	65000	"slope"	0.00811524158
"0.7"	"0.2"	"0.01"	"0.005"	"0.01"	"100000"	"10000"	"200"	"6852265869077542800"	65000	"intercept"	0.81700176
"0.7"	"0.2"	"0.01"	"0.005"	"0.01"	"100000"	"10000"	"200"	"6852265869077542800"	70000	"slope"	0.047722740195
"0.7"	"0.2"	"0.01"	"0.005"	"0.01"	"100000"	"10000"	"200"	"6852265869077542800"	70000	"intercept"	0.794861615
"0.7"	"0.2"	"0.01"	"0.005"	"0.01"	"100000"	"10000"	"200"	"6852265869077542800"	75000	"slope"	0.06355128826
"0.7"	"0.2"	"0.01"	"0.005"	"0.01"	"100000"	"10000"	"200"	"6852265869077542800"	75000	"intercept"	0.785031245
"0.7"	"0.2"	"0.01"	"0.005"	"0.01"	"100000"	"10000"	"200"	"6852265869077542800"	80000	"slope"	0.031520696975
"0.7"	"0.2"	"0.01"	"0.005"	"0.01"	"100000"	"10000"	"200"	"6852265869077542800"	80000	"intercept"	0.806332705
"0.7"	"0.2"	"0.01"	"0.005"	"0.01"	"100000"	"10000"	"200"	"6852265869077542800"	85000	"slope"	-0.00141076593
"0.7"	"0.2"	"0.01"	"0.005"	"0.01"	"100000"	"10000"	"200"	"6852265869077542800"	85000	"intercept"	0.82439355
"0.7"	"0.2"	"0.01"	"0.005"	"0.01"	"100000"	"10000"	"200"	"6852265869077542800"	90000	"slope"	-0.01563245787
"0.7"	"0.2"	"0.01"	"0.005"	"0.01"	"100000"	"10000"	"200"	"6852265869077542800"	90000	"intercept"	0.831935835
"0.7"	"0.2"	"0.01"	"0.005"	"0.01"	"100000"	"10000"	"200"	"6852265869077542800"	95000	"slope"	-0.016038207775
"0.7"	"0.2"	"0.01"	"0.005"	"0.01"	"100000"	"10000"	"200"	"6852265869077542800"	95000	"intercept"	0.83702516
"0.7"	"0.2"	"0.01"	"0.005"	"0.01"	"100000"	"10000"	"200"	"6852265869077542800"	100000	"slope"	-0.019959810805
"0.7"	"0.2"	"0.01"	"0.005"	"0.01"	"100000"	"10000"	"200"	"6852265869077542800"	100000	"intercept"	0.83370155
"0.7"	"0.2"	"0.01"	"0.005"	"0.01"	"100000"	"10000"	"200"	"9094844816912606943"	10	"slope"	-3.949825e-06
"0.7"	"0.2"	"0.01"	"0.005"	"0.01"	"100000"	"10000"	"200"	"9094844816912606943"	10	"intercept"	0.49993271
"0.7"	"0.2"	"0.01"	"0.005"	"0.01"	"100000"	"10000"	"200"	"9094844816912606943"	5000	"slope"	0.1099416935
"0.7"	"0.2"	"0.01"	"0.005"	"0.01"	"100000"	"10000"	"200"	"9094844816912606943"	5000	"intercept"	0.75261658
"0.7"	"0.2"	"0.01"	"0.005"	"0.01"	"100000"	"10000"	"200"	"9094844816912606943"	10000	"slope"	0.114980498555
"0.7"	"0.2"	"0.01"	"0.005"	"0.01"	"100000"	"10000"	"200"	"9094844816912606943"	10000	"intercept"	0.74837654
"0.7"	"0.2"	"0.01"	"0.005"	"0.01"	"100000"	"10000"	"200"	"9094844816912606943"	15000	"slope"	0.1032009069
"0.7"	"0.2"	"0.01"	"0.005"	"0.01"	"100000"	"10000"	"200"	"9094844816912606943"	15000	"intercept"	0.763333265
"0.7"	"0.2"	"0.01"	"0.005"	"0.01"	"100000"	"10000"	"200"	"9094844816912606943"	20000	"slope"	0.129901688
"0.7"	"0.2"	"0.01"	"0.005"	"0.01"	"100000"	"10000"	"200"	"9094844816912606943"	20000	"intercept"	0.75835506
"0.7"	"0.2"	"0.01"	"0.005"	"0.01"	"100000"	"10000"	"200"	"9094844816912606943"	25000	"slope"	0.128270904
"0.7"	"0.2"	"0.01"	"0.005"	"0.01"	"100000"	"10000"	"200"	"9094844816912606943"	25000	"intercept"	0.735102555
"0.7"	"0.2"	"0.01"	"0.005"	"0.01"	"100000"	"10000"	"200"	"9094844816912606943"	30000	"slope"	0.059931345725
"0.7"	"0.2"	"0.01"	"0.005"	"0.01"	"100000"	"10000"	"200"	"9094844816912606943"	30000	"intercept"	0.802497925
"0.7"	"0.2"	"0.01"	"0.005"	"0.01"	"100000"	"10000"	"200"	"9094844816912606943"	35000	"slope"	0.008251674655
"0.7"	"0.2"	"0.01"	"0.005"	"0.01"	"100000"	"10000"	"200"	"9094844816912606943"	35000	"intercept"	0.814819885
"0.7"	"0.2"	"0.01"	"0.005"	"0.01"	"100000"	"10000"	"200"	"9094844816912606943"	40000	"slope"	-0.03036086342
"0.7"	"0.2"	"0.01"	"0.005"	"0.01"	"100000"	"10000"	"200"	"9094844816912606943"	40000	"intercept"	0.85061373
"0.7"	"0.2"	"0.01"	"0.005"	"0.01"	"100000"	"10000"	"200"	"9094844816912606943"	45000	"slope"	-0.02264806806
"0.7"	"0.2"	"0.01"	"0.005"	"0.01"	"100000"	"10000"	"200"	"9094844816912606943"	45000	"intercept"	0.8586017
"0.7"	"0.2"	"0.01"	"0.005"	"0.01"	"100000"	"10000"	"200"	"9094844816912606943"	50000	"slope"	0.011037277257
"0.7"	"0.2"	"0.01"	"0.005"	"0.01"	"100000"	"10000"	"200"	"9094844816912606943"	50000	"intercept"	0.84485702
"0.7"	"0.2"	"0.01"	"0.005"	"0.01"	"100000"	"10000"	"200"	"9094844816912606943"	55000	"slope"	-0.0167757352
"0.7"	"0.2"	"0.01"	"0.005"	"0.01"	"100000"	"10000"	"200"	"9094844816912606943"	55000	"intercept"	0.835005105
"0.7"	"0.2"	"0.01"	"0.005"	"0.01"	"100000"	"10000"	"200"	"9094844816912606943"	60000	"slope"	-0.0519673613
"0.7"	"0.2"	"0.01"	"0.005"	"0.01"	"100000"	"10000"	"200"	"9094844816912606943"	60000	"intercept"	0.85784744
"0.7"	"0.2"	"0.01"	"0.005"	"0.01"	"100000"	"10000"	"200"	"9094844816912606943"	65000	"slope"	-0.1208642095
"0.7"	"0.2"	"0.01"	"0.005"	"0.01"	"100000"	"10000"	"200"	"9094844816912606943"	65000	"intercept"	0.88994063
"0.7"	"0.2"	"0.01"	"0.005"	"0.01"	"100000"	"10000"	"200"	"9094844816912606943"	70000	"slope"	-0.1361988186
"0.7"	"0.2"	"0.01"	"0.005"	"0.01"	"100000"	"10000"	"200"	"9094844816912606943"	70000	"intercept"	0.91481082
"0.7"	"0.2"	"0.01"	"0.005"	"0.01"	"100000"	"10000"	"200"	"9094844816912606943"	75000	"slope"	-0.156933298
"0.7"	"0.2"	"0.01"	"0.005"	"0.01"	"100000"	"10000"	"200"	"9094844816912606943"	75000	"intercept"	0.93061042
"0.7"	"0.2"	"0.01"	"0.005"	"0.01"	"100000"	"10000"	"200"	"9094844816912606943"	80000	"slope"	-0.120884458
"0.7"	"0.2"	"0.01"	"0.005"	"0.01"	"100000"	"10000"	"200"	"9094844816912606943"	80000	"intercept"	0.9066752
"0.7"	"0.2"	"0.01"	"0.005"	"0.01"	"100000"	"10000"	"200"	"9094844816912606943"	85000	"slope"	-0.1252149147
"0.7"	"0.2"	"0.01"	"0.005"	"0.01"	"100000"	"10000"	"200"	"9094844816912606943"	85000	"intercept"	0.919381805
"0.7"	"0.2"	"0.01"	"0.005"	"0.01"	"100000"	"10000"	"200"	"9094844816912606943"	90000	"slope"	-0.1284258037
"0.7"	"0.2"	"0.01"	"0.005"	"0.01"	"100000"	"10000"	"200"	"9094844816912606943"	90000	"intercept"	0.90491074
"0.7"	"0.2"	"0.01"	"0.005"	"0.01"	"100000"	"10000"	"200"	"9094844816912606943"	95000	"slope"	-0.069810085
"0.7"	"0.2"	"0.01"	"0.005"	"0.01"	"100000"	"10000"	"200"	"9094844816912606943"	95000	"intercept"	0.86524262
"0.7"	"0.2"	"0.01"	"0.005"	"0.01"	"100000"	"10000"	"200"	"9094844816912606943"	100000	"slope"	-0.01159502187
"0.7"	"0.2"	"0.01"	"0.005"	"0.01"	"100000"	"10000"	"200"	"9094844816912606943"	100000	"intercept"	0.822436965
"0.9"	"0.2"	"0.01"	"0.005"	"0.01"	"100000"	"10000"	"200"	"1279469174975127113"	10	"slope"	7.0344305e-05
"0.9"	"0.2"	"0.01"	"0.005"	"0.01"	"100000"	"10000"	"200"	"1279469174975127113"	10	"intercept"	0.50015601
"0.9"	"0.2"	"0.01"	"0.005"	"0.01"	"100000"	"10000"	"200"	"1279469174975127113"	5000	"slope"	0.21005298
"0.9"	"0.2"	"0.01"	"0.005"	"0.01"	"100000"	"10000"	"200"	"1279469174975127113"	5000	"intercept"	0.80780731
"0.9"	"0.2"	"0.01"	"0.005"	"0.01"	"100000"	"10000"	"200"	"1279469174975127113"	10000	"slope"	0.1302419955
"0.9"	"0.2"	"0.01"	"0.005"	"0.01"	"100000"	"10000"	"200"	"1279469174975127113"	10000	"intercept"	0.85055336
"0.9"	"0.2"	"0.01"	"0.005"	"0.01"	"100000"	"10000"	"200"	"1279469174975127113"	15000	"slope"	0.06969612564
"0.9"	"0.2"	"0.01"	"0.005"	"0.01"	"100000"	"10000"	"200"	"1279469174975127113"	15000	"intercept"	0.895627705
"0.9"	"0.2"	"0.01"	"0.005"	"0.01"	"100000"	"10000"	"200"	"1279469174975127113"	20000	"slope"	-0.038914345476
"0.9"	"0.2"	"0.01"	"0.005"	"0.01"	"100000"	"10000"	"200"	"1279469174975127113"	20000	"intercept"	0.972305435
"0.9"	"0.2"	"0.01"	"0.005"	"0.01"	"100000"	"10000"	"200"	"1279469174975127113"	25000	"slope"	-0.00535059755
"0.9"	"0.2"	"0.01"	"0.005"	"0.01"	"100000"	"10000"	"200"	"1279469174975127113"	25000	"intercept"	0.96071958
"0.9"	"0.2"	"0.01"	"0.005"	"0.01"	"100000"	"10000"	"200"	"1279469174975127113"	30000	"slope"	0.00470491054
"0.9"	"0.2"	"0.01"	"0.005"	"0.01"	"100000"	"10000"	"200"	"1279469174975127113"	30000	"intercept"	0.94345038
"0.9"	"0.2"	"0.01"	"0.005"	"0.01"	"100000"	"10000"	"200"	"1279469174975127113"	35000	"slope"	-0.005277358645
"0.9"	"0.2"	"0.01"	"0.005"	"0.01"	"100000"	"10000"	"200"	"1279469174975127113"	35000	"intercept"	0.95024574
"0.9"	"0.2"	"0.01"	"0.005"	"0.01"	"100000"	"10000"	"200"	"1279469174975127113"	40000	"slope"	0.02850863282
"0.9"	"0.2"	"0.01"	"0.005"	"0.01"	"100000"	"10000"	"200"	"1279469174975127113"	40000	"intercept"	0.925090165
"0.9"	"0.2"	"0.01"	"0.005"	"0.01"	"100000"	"10000"	"200"	"1279469174975127113"	45000	"slope"	0.06120005383
"0.9"	"0.2"	"0.01"	"0.005"	"0.01"	"100000"	"10000"	"200"	"1279469174975127113"	45000	"intercept"	0.902249475
"0.9"	"0.2"	"0.01"	"0.005"	"0.01"	"100000"	"10000"	"200"	"1279469174975127113"	50000	"slope"	-0.01205196067
"0.9"	"0.2"	"0.01"	"0.005"	"0.01"	"100000"	"10000"	"200"	"1279469174975127113"	50000	"intercept"	0.947764275
"0.9"	"0.2"	"0.01"	"0.005"	"0.01"	"100000"	"10000"	"200"	"1279469174975127113"	55000	"slope"	-0.021522638162
"0.9"	"0.2"	"0.01"	"0.005"	"0.01"	"100000"	"10000"	"200"	"1279469174975127113"	55000	"intercept"	0.96267228
"0.9"	"0.2"	"0.01"	"0.005"	"0.01"	"100000"	"10000"	"200"	"1279469174975127113"	60000	"slope"	-0.002178225385
"0.9"	"0.2"	"0.01"	"0.005"	"0.01"	"100000"	"10000"	"200"	"1279469174975127113"	60000	"intercept"	0.95333101
"0.9"	"0.2"	"0.01"	"0.005"	"0.01"	"100000"	"10000"	"200"	"1279469174975127113"	65000	"slope"	0.001940031671
"0.9"	"0.2"	"0.01"	"0.005"	"0.01"	"100000"	"10000"	"200"	"1279469174975127113"	65000	"intercept"	0.95675475
"0.9"	"0.2"	"0.01"	"0.005"	"0.01"	"100000"	"10000"	"200"	"1279469174975127113"	70000	"slope"	0.0165663123
"0.9"	"0.2"	"0.01"	"0.005"	"0.01"	"100000"	"10000"	"200"	"1279469174975127113"	70000	"intercept"	0.98542943
"0.9"	"0.2"	"0.01"	"0.005"	"0.01"	"100000"	"10000"	"200"	"1279469174975127113"	75000	"slope"	-0.038395031
"0.9"	"0.2"	"0.01"	"0.005"	"0.01"	"100000"	"10000"	"200"	"1279469174975127113"	75000	"intercept"	0.98226718
"0.9"	"0.2"	"0.01"	"0.005"	"0.01"	"100000"	"10000"	"200"	"1279469174975127113"	80000	"slope"	-0.081433402285
"0.9"	"0.2"	"0.01"	"0.005"	"0.01"	"100000"	"10000"	"200"	"1279469174975127113"	80000	"intercept"	1.00459739
"0.9"	"0.2"	"0.01"	"0.005"	"0.01"	"100000"	"10000"	"200"	"1279469174975127113"	85000	"slope"	-0.06527159975
"0.9"	"0.2"	"0.01"	"0.005"	"0.01"	"100000"	"10000"	"200"	"1279469174975127113"	85000	"intercept"	0.98582092
"0.9"	"0.2"	"0.01"	"0.005"	"0.01"	"100000"	"10000"	"200"	"1279469174975127113"	90000	"slope"	-0.09419466755
"0.9"	"0.2"	"0.01"	"0.005"	"0.01"	"100000"	"10000"	"200"	"1279469174975127113"	90000	"intercept"	1.00504208
"0.9"	"0.2"	"0.01"	"0.005"	"0.01"	"100000"	"10000"	"200"	"1279469174975127113"	95000	"slope"	-0.047870838215
"0.9"	"0.2"	"0.01"	"0.005"	"0.01"	"100000"	"10000"	"200"	"1279469174975127113"	95000	"intercept"	0.975610255
"0.9"	"0.2"	"0.01"	"0.005"	"0.01"	"100000"	"10000"	"200"	"1279469174975127113"	100000	"slope"	-0.112175673215
"0.9"	"0.2"	"0.01"	"0.005"	"0.01"	"100000"	"10000"	"200"	"1279469174975127113"	100000	"intercept"	1.01501514
"0.9"	"0.2"	"0.01"	"0.005"	"0.01"	"100000"	"10000"	"200"	"4068676943592041566"	10	"slope"	8.55821835e-05
"0.9"	"0.2"	"0.01"	"0.005"	"0.01"	"100000"	"10000"	"200"	"4068676943592041566"	10	"intercept"	0.49996474
"0.9"	"0.2"	"0.01"	"0.005"	"0.01"	"100000"	"10000"	"200"	"4068676943592041566"	5000	"slope"	0.1616080245
"0.9"	"0.2"	"0.01"	"0.005"	"0.01"	"100000"	"10000"	"200"	"4068676943592041566"	5000	"intercept"	0.835394655
"0.9"	"0.2"	"0.01"	"0.005"	"0.01"	"100000"	"10000"	"200"	"4068676943592041566"	10000	"slope"	0.1489327205
"0.9"	"0.2"	"0.01"	"0.005"	"0.01"	"100000"	"10000"	"200"	"4068676943592041566"	10000	"intercept"	0.84527108
"0.9"	"0.2"	"0.01"	"0.005"	"0.01"	"100000"	"10000"	"200"	"4068676943592041566"	15000	"slope"	0.1346257095
"0.9"	"0.2"	"0.01"	"0.005"	"0.01"	"100000"	"10000"	"200"	"4068676943592041566"	15000	"intercept"	0.851768685
"0.9"	"0.2"	"0.01"	"0.005"	"0.01"	"100000"	"10000"	"200"	"4068676943592041566"	20000	"slope"	0.1097799625
"0.9"	"0.2"	"0.01"	"0.005"	"0.01"	"100000"	"10000"	"200"	"4068676943592041566"	20000	"intercept"	0.87212841
"0.9"	"0.2"	"0.01"	"0.005"	"0.01"	"100000"	"10000"	"200"	"4068676943592041566"	25000	"slope"	0.063070990135
"0.9"	"0.2"	"0.01"	"0.005"	"0.01"	"100000"	"10000"	"200"	"4068676943592041566"	25000	"intercept"	0.90199893
"0.9"	"0.2"	"0.01"	"0.005"	"0.01"	"100000"	"10000"	"200"	"4068676943592041566"	30000	"slope"	0.06492513705
"0.9"	"0.2"	"0.01"	"0.005"	"0.01"	"100000"	"10000"	"200"	"4068676943592041566"	30000	"intercept"	0.90174774
"0.9"	"0.2"	"0.01"	"0.005"	"0.01"	"100000"	"10000"	"200"	"4068676943592041566"	35000	"slope"	0.055161503
"0.9"	"0.2"	"0.01"	"0.005"	"0.01"	"100000"	"10000"	"200"	"4068676943592041566"	35000	"intercept"	0.904538935
"0.9"	"0.2"	"0.01"	"0.005"	"0.01"	"100000"	"10000"	"200"	"4068676943592041566"	40000	"slope"	0.1400333655
"0.9"	"0.2"	"0.01"	"0.005"	"0.01"	"100000"	"10000"	"200"	"4068676943592041566"	40000	"intercept"	0.847797685
"0.9"	"0.2"	"0.01"	"0.005"	"0.01"	"100000"	"10000"	"200"	"4068676943592041566"	45000	"slope"	0.141139771
"0.9"	"0.2"	"0.01"	"0.005"	"0.01"	"100000"	"10000"	"200"	"4068676943592041566"	45000	"intercept"	0.848171965
"0.9"	"0.2"	"0.01"	"0.005"	"0.01"	"100000"	"10000"	"200"	"4068676943592041566"	50000	"slope"	0.129307804
"0.9"	"0.2"	"0.01"	"0.005"	"0.01"	"100000"	"10000"	"200"	"4068676943592041566"	50000	"intercept"	0.857454065
"0.9"	"0.2"	"0.01"	"0.005"	"0.01"	"100000"	"10000"	"200"	"4068676943592041566"	55000	"slope"	0.1202475414
"0.9"	"0.2"	"0.01"	"0.005"	"0.01"	"100000"	"10000"	"200"	"4068676943592041566"	55000	"intercept"	0.869990605
"0.9"	"0.2"	"0.01"	"0.005"	"0.01"	"100000"	"10000"	"200"	"4068676943592041566"	60000	"slope"	0.1273710375
"0.9"	"0.2"	"0.01"	"0.005"	"0.01"	"100000"	"10000"	"200"	"4068676943592041566"	60000	"intercept"	0.874871705
"0.9"	"0.2"	"0.01"	"0.005"	"0.01"	"100000"	"10000"	"200"	"4068676943592041566"	65000	"slope"	0.059329201515
"0.9"	"0.2"	"0.01"	"0.005"	"0.01"	"100000"	"10000"	"200"	"4068676943592041566"	65000	"intercept"	0.901983485
"0.9"	"0.2"	"0.01"	"0.005"	"0.01"	"100000"	"10000"	"200"	"4068676943592041566"	70000	"slope"	0.0630858818135
"0.9"	"0.2"	"0.01"	"0.005"	"0.01"	"100000"	"10000"	"200"	"4068676943592041566"	70000	"intercept"	0.89163591
"0.9"	"0.2"	"0.01"	"0.005"	"0.01"	"100000"	"10000"	"200"	"4068676943592041566"	75000	"slope"	0.013239864665
"0.9"	"0.2"	"0.01"	"0.005"	"0.01"	"100000"	"10000"	"200"	"4068676943592041566"	75000	"intercept"	0.93237733
"0.9"	"0.2"	"0.01"	"0.005"	"0.01"	"100000"	"10000"	"200"	"4068676943592041566"	80000	"slope"	0.050749986703
"0.9"	"0.2"	"0.01"	"0.005"	"0.01"	"100000"	"10000"	"200"	"4068676943592041566"	80000	"intercept"	0.916252955
"0.9"	"0.2"	"0.01"	"0.005"	"0.01"	"100000"	"10000"	"200"	"4068676943592041566"	85000	"slope"	0.03412579941
"0.9"	"0.2"	"0.01"	"0.005"	"0.01"	"100000"	"10000"	"200"	"4068676943592041566"	85000	"intercept"	0.91027886
"0.9"	"0.2"	"0.01"	"0.005"	"0.01"	"100000"	"10000"	"200"	"4068676943592041566"	90000	"slope"	-0.04066072586
"0.9"	"0.2"	"0.01"	"0.005"	"0.01"	"100000"	"10000"	"200"	"4068676943592041566"	90000	"intercept"	0.97770323
"0.9"	"0.2"	"0.01"	"0.005"	"0.01"	"100000"	"10000"	"200"	"4068676943592041566"	95000	"slope"	-0.040432638705
"0.9"	"0.2"	"0.01"	"0.005"	"0.01"	"100000"	"10000"	"200"	"4068676943592041566"	95000	"intercept"	0.973430385
"0.9"	"0.2"	"0.01"	"0.005"	"0.01"	"100000"	"10000"	"200"	"4068676943592041566"	100000	"slope"	0.010653528535
"0.9"	"0.2"	"0.01"	"0.005"	"0.01"	"100000"	"10000"	"200"	"4068676943592041566"	100000	"intercept"	0.96484256
"0.9"	"0.2"	"0.01"	"0.005"	"0.01"	"100000"	"10000"	"200"	"6298375541169771083"	10	"slope"	0.000368848165
"0.9"	"0.2"	"0.01"	"0.005"	"0.01"	"100000"	"10000"	"200"	"6298375541169771083"	10	"intercept"	0.499985825
"0.9"	"0.2"	"0.01"	"0.005"	"0.01"	"100000"	"10000"	"200"	"6298375541169771083"	5000	"slope"	0.223644435
"0.9"	"0.2"	"0.01"	"0.005"	"0.01"	"100000"	"10000"	"200"	"6298375541169771083"	5000	"intercept"	0.798400815
"0.9"	"0.2"	"0.01"	"0.005"	"0.01"	"100000"	"10000"	"200"	"6298375541169771083"	10000	"slope"	0.194390155
"0.9"	"0.2"	"0.01"	"0.005"	"0.01"	"100000"	"10000"	"200"	"6298375541169771083"	10000	"intercept"	0.81060645
"0.9"	"0.2"	"0.01"	"0.005"	"0.01"	"100000"	"10000"	"200"	"6298375541169771083"	15000	"slope"	0.1924525405
"0.9"	"0.2"	"0.01"	"0.005"	"0.01"	"100000"	"10000"	"200"	"6298375541169771083"	15000	"intercept"	0.834401335
"0.9"	"0.2"	"0.01"	"0.005"	"0.01"	"100000"	"10000"	"200"	"6298375541169771083"	20000	"slope"	0.114478038
"0.9"	"0.2"	"0.01"	"0.005"	"0.01"	"100000"	"10000"	"200"	"6298375541169771083"	20000	"intercept"	0.87120018
"0.9"	"0.2"	"0.01"	"0.005"	"0.01"	"100000"	"10000"	"200"	"6298375541169771083"	25000	"slope"	0.10835128015
"0.9"	"0.2"	"0.01"	"0.005"	"0.01"	"100000"	"10000"	"200"	"6298375541169771083"	25000	"intercept"	0.87153213
"0.9"	"0.2"	"0.01"	"0.005"	"0.01"	"100000"	"10000"	"200"	"6298375541169771083"	30000	"slope"	0.1385548215
"0.9"	"0.2"	"0.01"	"0.005"	"0.01"	"100000"	"10000"	"200"	"6298375541169771083"	30000	"intercept"	0.86581323
"0.9"	"0.2"	"0.01"	"0.005"	"0.01"	"100000"	"10000"	"200"	"6298375541169771083"	35000	"slope"	0.1478854619
"0.9"	"0.2"	"0.01"	"0.005"	"0.01"	"100000"	"10000"	"200"	"6298375541169771083"	35000	"intercept"	0.894261645
"0.9"	"0.2"	"0.01"	"0.005"	"0.01"	"100000"	"10000"	"200"	"6298375541169771083"	40000	"slope"	0.1801539616
"0.9"	"0.2"	"0.01"	"0.005"	"0.01"	"100000"	"10000"	"200"	"6298375541169771083"	40000	"intercept"	0.869915815
"0.9"	"0.2"	"0.01"	"0.005"	"0.01"	"100000"	"10000"	"200"	"6298375541169771083"	45000	"slope"	0.1463609895
"0.9"	"0.2"	"0.01"	"0.005"	"0.01"	"100000"	"10000"	"200"	"6298375541169771083"	45000	"intercept"	0.88310625
"0.9"	"0.2"	"0.01"	"0.005"	"0.01"	"100000"	"10000"	"200"	"6298375541169771083"	50000	"slope"	0.084422215755
"0.9"	"0.2"	"0.01"	"0.005"	"0.01"	"100000"	"10000"	"200"	"6298375541169771083"	50000	"intercept"	0.8851069
"0.9"	"0.2"	"0.01"	"0.005"	"0.01"	"100000"	"10000"	"200"	"6298375541169771083"	55000	"slope"	0.060204956035
"0.9"	"0.2"	"0.01"	"0.005"	"0.01"	"100000"	"10000"	"200"	"6298375541169771083"	55000	"intercept"	0.905202515
"0.9"	"0.2"	"0.01"	"0.005"	"0.01"	"100000"	"10000"	"200"	"6298375541169771083"	60000	"slope"	0.0073106308
"0.9"	"0.2"	"0.01"	"0.005"	"0.01"	"100000"	"10000"	"200"	"6298375541169771083"	60000	"intercept"	0.93942299
"0.9"	"0.2"	"0.01"	"0.005"	"0.01"	"100000"	"10000"	"200"	"6298375541169771083"	65000	"slope"	-0.043420704735
"0.9"	"0.2"	"0.01"	"0.005"	"0.01"	"100000"	"10000"	"200"	"6298375541169771083"	65000	"intercept"	0.969665155
"0.9"	"0.2"	"0.01"	"0.005"	"0.01"	"100000"	"10000"	"200"	"6298375541169771083"	70000	"slope"	-0.06603606625
"0.9"	"0.2"	"0.01"	"0.005"	"0.01"	"100000"	"10000"	"200"	"6298375541169771083"	70000	"intercept"	0.9864435
"0.9"	"0.2"	"0.01"	"0.005"	"0.01"	"100000"	"10000"	"200"	"6298375541169771083"	75000	"slope"	-0.0922203227
"0.9"	"0.2"	"0.01"	"0.005"	"0.01"	"100000"	"10000"	"200"	"6298375541169771083"	75000	"intercept"	1.001076815
"0.9"	"0.2"	"0.01"	"0.005"	"0.01"	"100000"	"10000"	"200"	"6298375541169771083"	80000	"slope"	-0.07923105585
"0.9"	"0.2"	"0.01"	"0.005"	"0.01"	"100000"	"10000"	"200"	"6298375541169771083"	80000	"intercept"	1.026549795
"0.9"	"0.2"	"0.01"	"0.005"	"0.01"	"100000"	"10000"	"200"	"6298375541169771083"	85000	"slope"	-0.06900097615
"0.9"	"0.2"	"0.01"	"0.005"	"0.01"	"100000"	"10000"	"200"	"6298375541169771083"	85000	"intercept"	1.039899135
"0.9"	"0.2"	"0.01"	"0.005"	"0.01"	"100000"	"10000"	"200"	"6298375541169771083"	90000	"slope"	-0.04379585541
"0.9"	"0.2"	"0.01"	"0.005"	"0.01"	"100000"	"10000"	"200"	"6298375541169771083"	90000	"intercept"	0.992049045
"0.9"	"0.2"	"0.01"	"0.005"	"0.01"	"100000"	"10000"	"200"	"6298375541169771083"	95000	"slope"	-0.0814090068
"0.9"	"0.2"	"0.01"	"0.005"	"0.01"	"100000"	"10000"	"200"	"6298375541169771083"	95000	"intercept"	1.00120124
"0.9"	"0.2"	"0.01"	"0.005"	"0.01"	"100000"	"10000"	"200"	"6298375541169771083"	100000	"slope"	-0.0644686469
"0.9"	"0.2"	"0.01"	"0.005"	"0.01"	"100000"	"10000"	"200"	"6298375541169771083"	100000	"intercept"	0.98901119
"0.9"	"0.2"	"0.01"	"0.005"	"0.01"	"100000"	"10000"	"200"	"6324542204405614784"	10	"slope"	-4.1468315e-05
"0.9"	"0.2"	"0.01"	"0.005"	"0.01"	"100000"	"10000"	"200"	"6324542204405614784"	10	"intercept"	0.50004232
"0.9"	"0.2"	"0.01"	"0.005"	"0.01"	"100000"	"10000"	"200"	"6324542204405614784"	5000	"slope"	0.1757672045
"0.9"	"0.2"	"0.01"	"0.005"	"0.01"	"100000"	"10000"	"200"	"6324542204405614784"	5000	"intercept"	0.831798435
"0.9"	"0.2"	"0.01"	"0.005"	"0.01"	"100000"	"10000"	"200"	"6324542204405614784"	10000	"slope"	0.159409366
"0.9"	"0.2"	"0.01"	"0.005"	"0.01"	"100000"	"10000"	"200"	"6324542204405614784"	10000	"intercept"	0.86737795
"0.9"	"0.2"	"0.01"	"0.005"	"0.01"	"100000"	"10000"	"200"	"6324542204405614784"	15000	"slope"	0.104480082
"0.9"	"0.2"	"0.01"	"0.005"	"0.01"	"100000"	"10000"	"200"	"6324542204405614784"	15000	"intercept"	0.90928912
"0.9"	"0.2"	"0.01"	"0.005"	"0.01"	"100000"	"10000"	"200"	"6324542204405614784"	20000	"slope"	0.0857304227635
"0.9"	"0.2"	"0.01"	"0.005"	"0.01"	"100000"	"10000"	"200"	"6324542204405614784"	20000	"intercept"	0.896641425
"0.9"	"0.2"	"0.01"	"0.005"	"0.01"	"100000"	"10000"	"200"	"6324542204405614784"	25000	"slope"	0.073444828
"0.9"	"0.2"	"0.01"	"0.005"	"0.01"	"100000"	"10000"	"200"	"6324542204405614784"	25000	"intercept"	0.907853635
"0.9"	"0.2"	"0.01"	"0.005"	"0.01"	"100000"	"10000"	"200"	"6324542204405614784"	30000	"slope"	0.0817067915
"0.9"	"0.2"	"0.01"	"0.005"	"0.01"	"100000"	"10000"	"200"	"6324542204405614784"	30000	"intercept"	0.89165636
"0.9"	"0.2"	"0.01"	"0.005"	"0.01"	"100000"	"10000"	"200"	"6324542204405614784"	35000	"slope"	0.10118470084
"0.9"	"0.2"	"0.01"	"0.005"	"0.01"	"100000"	"10000"	"200"	"6324542204405614784"	35000	"intercept"	0.89114685
"0.9"	"0.2"	"0.01"	"0.005"	"0.01"	"100000"	"10000"	"200"	"6324542204405614784"	40000	"slope"	0.1269348065
"0.9"	"0.2"	"0.01"	"0.005"	"0.01"	"100000"	"10000"	"200"	"6324542204405614784"	40000	"intercept"	0.85743496
"0.9"	"0.2"	"0.01"	"0.005"	"0.01"	"100000"	"10000"	"200"	"6324542204405614784"	45000	"slope"	0.1231272365
"0.9"	"0.2"	"0.01"	"0.005"	"0.01"	"100000"	"10000"	"200"	"6324542204405614784"	45000	"intercept"	0.87080108
"0.9"	"0.2"	"0.01"	"0.005"	"0.01"	"100000"	"10000"	"200"	"6324542204405614784"	50000	"slope"	0.09863694965
"0.9"	"0.2"	"0.01"	"0.005"	"0.01"	"100000"	"10000"	"200"	"6324542204405614784"	50000	"intercept"	0.8736558
"0.9"	"0.2"	"0.01"	"0.005"	"0.01"	"100000"	"10000"	"200"	"6324542204405614784"	55000	"slope"	0.078278853335
"0.9"	"0.2"	"0.01"	"0.005"	"0.01"	"100000"	"10000"	"200"	"6324542204405614784"	55000	"intercept"	0.89990253
"0.9"	"0.2"	"0.01"	"0.005"	"0.01"	"100000"	"10000"	"200"	"6324542204405614784"	60000	"slope"	0.028564839701
"0.9"	"0.2"	"0.01"	"0.005"	"0.01"	"100000"	"10000"	"200"	"6324542204405614784"	60000	"intercept"	0.9278575
"0.9"	"0.2"	"0.01"	"0.005"	"0.01"	"100000"	"10000"	"200"	"6324542204405614784"	65000	"slope"	0.05495965376
"0.9"	"0.2"	"0.01"	"0.005"	"0.01"	"100000"	"10000"	"200"	"6324542204405614784"	65000	"intercept"	0.916928145
"0.9"	"0.2"	"0.01"	"0.005"	"0.01"	"100000"	"10000"	"200"	"6324542204405614784"	70000	"slope"	-0.02331465739
"0.9"	"0.2"	"0.01"	"0.005"	"0.01"	"100000"	"10000"	"200"	"6324542204405614784"	70000	"intercept"	0.979825215
"0.9"	"0.2"	"0.01"	"0.005"	"0.01"	"100000"	"10000"	"200"	"6324542204405614784"	75000	"slope"	-0.028488756055
"0.9"	"0.2"	"0.01"	"0.005"	"0.01"	"100000"	"10000"	"200"	"6324542204405614784"	75000	"intercept"	0.955059215
"0.9"	"0.2"	"0.01"	"0.005"	"0.01"	"100000"	"10000"	"200"	"6324542204405614784"	80000	"slope"	-0.04103158611
"0.9"	"0.2"	"0.01"	"0.005"	"0.01"	"100000"	"10000"	"200"	"6324542204405614784"	80000	"intercept"	0.98631491
"0.9"	"0.2"	"0.01"	"0.005"	"0.01"	"100000"	"10000"	"200"	"6324542204405614784"	85000	"slope"	-0.02658661644
"0.9"	"0.2"	"0.01"	"0.005"	"0.01"	"100000"	"10000"	"200"	"6324542204405614784"	85000	"intercept"	0.9698997
"0.9"	"0.2"	"0.01"	"0.005"	"0.01"	"100000"	"10000"	"200"	"6324542204405614784"	90000	"slope"	-0.0280896683709
"0.9"	"0.2"	"0.01"	"0.005"	"0.01"	"100000"	"10000"	"200"	"6324542204405614784"	90000	"intercept"	0.962040055
"0.9"	"0.2"	"0.01"	"0.005"	"0.01"	"100000"	"10000"	"200"	"6324542204405614784"	95000	"slope"	-0.019840694229
"0.9"	"0.2"	"0.01"	"0.005"	"0.01"	"100000"	"10000"	"200"	"6324542204405614784"	95000	"intercept"	0.958055295
"0.9"	"0.2"	"0.01"	"0.005"	"0.01"	"100000"	"10000"	"200"	"6324542204405614784"	100000	"slope"	-0.026538184305
"0.9"	"0.2"	"0.01"	"0.005"	"0.01"	"100000"	"10000"	"200"	"6324542204405614784"	100000	"intercept"	0.9592883
"0.9"	"0.2"	"0.01"	"0.005"	"0.01"	"100000"	"10000"	"200"	"8027023727866857231"	10	"slope"	5.027545e-05
"0.9"	"0.2"	"0.01"	"0.005"	"0.01"	"100000"	"10000"	"200"	"8027023727866857231"	10	"intercept"	0.499981025
"0.9"	"0.2"	"0.01"	"0.005"	"0.01"	"100000"	"10000"	"200"	"8027023727866857231"	5000	"slope"	0.0861676064
"0.9"	"0.2"	"0.01"	"0.005"	"0.01"	"100000"	"10000"	"200"	"8027023727866857231"	5000	"intercept"	0.880592635
"0.9"	"0.2"	"0.01"	"0.005"	"0.01"	"100000"	"10000"	"200"	"8027023727866857231"	10000	"slope"	0.0761301666
"0.9"	"0.2"	"0.01"	"0.005"	"0.01"	"100000"	"10000"	"200"	"8027023727866857231"	10000	"intercept"	0.90701355
"0.9"	"0.2"	"0.01"	"0.005"	"0.01"	"100000"	"10000"	"200"	"8027023727866857231"	15000	"slope"	0.0833839375
"0.9"	"0.2"	"0.01"	"0.005"	"0.01"	"100000"	"10000"	"200"	"8027023727866857231"	15000	"intercept"	0.886673285
"0.9"	"0.2"	"0.01"	"0.005"	"0.01"	"100000"	"10000"	"200"	"8027023727866857231"	20000	"slope"	0.08214330778
"0.9"	"0.2"	"0.01"	"0.005"	"0.01"	"100000"	"10000"	"200"	"8027023727866857231"	20000	"intercept"	0.898359305
"0.9"	"0.2"	"0.01"	"0.005"	"0.01"	"100000"	"10000"	"200"	"8027023727866857231"	25000	"slope"	0.0274264922
"0.9"	"0.2"	"0.01"	"0.005"	"0.01"	"100000"	"10000"	"200"	"8027023727866857231"	25000	"intercept"	0.9182695
"0.9"	"0.2"	"0.01"	"0.005"	"0.01"	"100000"	"10000"	"200"	"8027023727866857231"	30000	"slope"	0.12266373685
"0.9"	"0.2"	"0.01"	"0.005"	"0.01"	"100000"	"10000"	"200"	"8027023727866857231"	30000	"intercept"	0.869578805
"0.9"	"0.2"	"0.01"	"0.005"	"0.01"	"100000"	"10000"	"200"	"8027023727866857231"	35000	"slope"	0.101608969113
"0.9"	"0.2"	"0.01"	"0.005"	"0.01"	"100000"	"10000"	"200"	"8027023727866857231"	35000	"intercept"	0.888193985
"0.9"	"0.2"	"0.01"	"0.005"	"0.01"	"100000"	"10000"	"200"	"8027023727866857231"	40000	"slope"	0.019533013515
"0.9"	"0.2"	"0.01"	"0.005"	"0.01"	"100000"	"10000"	"200"	"8027023727866857231"	40000	"intercept"	0.930135825
"0.9"	"0.2"	"0.01"	"0.005"	"0.01"	"100000"	"10000"	"200"	"8027023727866857231"	45000	"slope"	0.017334255825
"0.9"	"0.2"	"0.01"	"0.005"	"0.01"	"100000"	"10000"	"200"	"8027023727866857231"	45000	"intercept"	0.935526915
"0.9"	"0.2"	"0.01"	"0.005"	"0.01"	"100000"	"10000"	"200"	"8027023727866857231"	50000	"slope"	0.037306373945
"0.9"	"0.2"	"0.01"	"0.005"	"0.01"	"100000"	"10000"	"200"	"8027023727866857231"	50000	"intercept"	0.97955125
"0.9"	"0.2"	"0.01"	"0.005"	"0.01"	"100000"	"10000"	"200"	"8027023727866857231"	55000	"slope"	0.0522127545
"0.9"	"0.2"	"0.01"	"0.005"	"0.01"	"100000"	"10000"	"200"	"8027023727866857231"	55000	"intercept"	0.9923329
"0.9"	"0.2"	"0.01"	"0.005"	"0.01"	"100000"	"10000"	"200"	"8027023727866857231"	60000	"slope"	0.04458546028
"0.9"	"0.2"	"0.01"	"0.005"	"0.01"	"100000"	"10000"	"200"	"8027023727866857231"	60000	"intercept"	1.064157755
"0.9"	"0.2"	"0.01"	"0.005"	"0.01"	"100000"	"10000"	"200"	"8027023727866857231"	65000	"slope"	0.06869223519
"0.9"	"0.2"	"0.01"	"0.005"	"0.01"	"100000"	"10000"	"200"	"8027023727866857231"	65000	"intercept"	1.02922364
"0.9"	"0.2"	"0.01"	"0.005"	"0.01"	"100000"	"10000"	"200"	"8027023727866857231"	70000	"slope"	0.015599115205
"0.9"	"0.2"	"0.01"	"0.005"	"0.01"	"100000"	"10000"	"200"	"8027023727866857231"	70000	"intercept"	1.091590195
"0.9"	"0.2"	"0.01"	"0.005"	"0.01"	"100000"	"10000"	"200"	"8027023727866857231"	75000	"slope"	0.056229073595
"0.9"	"0.2"	"0.01"	"0.005"	"0.01"	"100000"	"10000"	"200"	"8027023727866857231"	75000	"intercept"	1.054624155
"0.9"	"0.2"	"0.01"	"0.005"	"0.01"	"100000"	"10000"	"200"	"8027023727866857231"	80000	"slope"	0.055074225815
"0.9"	"0.2"	"0.01"	"0.005"	"0.01"	"100000"	"10000"	"200"	"8027023727866857231"	80000	"intercept"	1.059791355
"0.9"	"0.2"	"0.01"	"0.005"	"0.01"	"100000"	"10000"	"200"	"8027023727866857231"	85000	"slope"	-0.01122186208
"0.9"	"0.2"	"0.01"	"0.005"	"0.01"	"100000"	"10000"	"200"	"8027023727866857231"	85000	"intercept"	1.12671278
"0.9"	"0.2"	"0.01"	"0.005"	"0.01"	"100000"	"10000"	"200"	"8027023727866857231"	90000	"slope"	-0.01763990289
"0.9"	"0.2"	"0.01"	"0.005"	"0.01"	"100000"	"10000"	"200"	"8027023727866857231"	90000	"intercept"	1.202271495
"0.9"	"0.2"	"0.01"	"0.005"	"0.01"	"100000"	"10000"	"200"	"8027023727866857231"	95000	"slope"	0.00694609163
"0.9"	"0.2"	"0.01"	"0.005"	"0.01"	"100000"	"10000"	"200"	"8027023727866857231"	95000	"intercept"	1.147826135
"0.9"	"0.2"	"0.01"	"0.005"	"0.01"	"100000"	"10000"	"200"	"8027023727866857231"	100000	"slope"	-0.05375216035
"0.9"	"0.2"	"0.01"	"0.005"	"0.01"	"100000"	"10000"	"200"	"8027023727866857231"	100000	"intercept"	1.18389491
